"Include","Confidence","Name","Brand","Model","Category","Description","ImagePath","ImageUrl","SourcePage","ListingType","CallForPrice","Quantity","Status","Published","Featured","DisplayOrder","ExcludeReason"
"YES","93","Lift, Telescopic Type, 30' Working Height, 300 lbs Capacity","Bil-Jax","","Aerial Lifts","XLT-C.A.T.23-DC | | -------------------------------------------------------------------------------- | Wt. 882 | Spanner Kit Option Available","images/bil-jax/xltcat23.gif","https://billsequipment.mydomain.com/images/bil-jax/xltcat23.gif","https://billsequipment.mydomain.com/aeriallifts.htm | https://billsequipment.mydomain.com/bil-jax.htm","product","YES","1","active","YES","NO","10",""
"YES","100","XLB-4232-HONDA GAS | Lift, Towable Boom Type, 42' Working Height, 300 lb Capacity","Bil-Jax","XLB-4232-HONDA","Aerial Lifts","Wt. 4675 | DC OPTIONAL IN STOCK","images/bil-jax/xlb4232.gif","https://billsequipment.mydomain.com/images/bil-jax/xlb4232.gif","https://billsequipment.mydomain.com/aeriallifts.htm | https://billsequipment.mydomain.com/bil-jax.htm","product","YES","1","active","YES","NO","20",""
"YES","93","XlB-4725A-HONDA | Lift, Towable Boom Type, 47' Working Height, 400 lb Capacity","Bil-Jax","","Aerial Lifts","Wt. 4675 | DC OPTIONAL IN STOCK","images/bil-jax/xlb4725.gif","https://billsequipment.mydomain.com/images/bil-jax/xlb4725.gif","https://billsequipment.mydomain.com/aeriallifts.htm | https://billsequipment.mydomain.com/bil-jax.htm","product","YES","1","active","YES","NO","30",""
"YES","93","Genie Material Lift","Genie","","Aerial Lifts","Portable material lift for construction and industrial applications. | The Superlift Contractor is an ideal tool for construction firms and every kind of contractor. | Standard Features: | Heavy duty design, yet lightweight and portable. | Quick setup requires no tools. | Loads easily into a pickup truck for transporting. | Rear transport wheel assembly. | 4 in (10 cm) front casters and 5 in (13 cm) rear casters with side brakes are standard. | Hold-down bar holds mast assembly in place during transport. SLC™","images/genie/slc-24.jpg","https://billsequipment.mydomain.com/images/genie/slc-24.jpg","https://billsequipment.mydomain.com/aeriallifts.htm | https://billsequipment.mydomain.com/genie.htm","product","YES","1","active","YES","NO","40",""
"YES","100","GS-1930","Genie","GS-1930","Aerial Lifts","Standard Features | *GS-1530 has 21 ft (6.5 m) working height and has 25 ft (7.8 m) working height | *39 in (1 m) roll-out platform extension | *Compact 30 in (76 cm) width | *600 lb (272 kg) lift capacity for the GS-1530 and 500 lb (227 kg) lift capacity for the | *Compact design | *Automatic 25 amp battery charger | *Proportional controls for lift and drive functions | *Multiple disc brakes provide smooth deceleration | *Drive speed interlock limits speed while elevated | *Emergency stop at both platform and ground controls | *Manual platform lowering valve | *Manual brake release | *Pothole guards | *Non-marking tires | *AC wiring to platform | *Tilt level sensor with an audible alarm | *Beeper horn | *Hour meter","images/genie/gs1930.jpg","https://billsequipment.mydomain.com/images/genie/gs1930.jpg","https://billsequipment.mydomain.com/aeriallifts.htm | https://billsequipment.mydomain.com/genie.htm","product","YES","1","active","YES","NO","50",""
"YES","100","GS-2032","Genie","GS-2032","Aerial Lifts","Standard Features | *26 ft (8.1 m) working height | *Compact 32 in (81 cm) width | *800 lb (363 kg) lift capacity | *39 in (1 m) rollout platform extension | *Proportional controls for lift and drive functions | *AC outlet to platform | *Multiple disc brakes provide smooth deceleration","images/genie/gs2032.jpg","https://billsequipment.mydomain.com/images/genie/gs2032.jpg","https://billsequipment.mydomain.com/aeriallifts.htm | https://billsequipment.mydomain.com/genie.htm","product","YES","1","active","YES","NO","60",""
"YES","100","GS-2632","Genie","GS-2632","Aerial Lifts","Standard Features | * has 32 ft (9.92 m) working height | *39 in (1 m) roll-out platform extension | *Compact 32 in (81.3 cm) width | *500 lb (227 kg) lift capacity | *Proportional controls for lift and drive functions | *Automatic 25 amp battery charger | *Manual platform lowering valve | *Emergency stop switches at both platform and ground controls | *Drive speed interlock limits speed while elevated | *Multiple disc brakes provide smooth deceleration | *Manual brake release | *Pothole guards | *Non-marking tires | *AC wiring to platform | *Tilt sensor with an audible alarm | *Beeper horn | *Hour meter","images/genie/gs2632.jpg","https://billsequipment.mydomain.com/images/genie/gs2632.jpg","https://billsequipment.mydomain.com/aeriallifts.htm | https://billsequipment.mydomain.com/genie.htm","product","YES","1","active","YES","NO","70",""
"YES","100","GS-4390","Genie","GS-4390","Aerial Lifts","Standard Features | * has 49 ft (14.9 m) working height and GS- 5390 RT has *59 ft (18 m) working height | *1,500 lb (680 kg) load capacity | *Positive traction-controlled four-wheel drive | *50% gradeability | *Proportional drive | *Two-speed lift functions | *Troubleshooting diagnostics | *Two self-closing entry gates | *Foam-filled tires | *AC wiring to platform | *Descent alarm | *Tilt sensor with an audible alarm | *Horn | *Hour meter","images/genie/gs4390.jpg","https://billsequipment.mydomain.com/images/genie/gs4390.jpg","https://billsequipment.mydomain.com/aeriallifts.htm | https://billsequipment.mydomain.com/genie.htm","product","YES","1","active","YES","NO","80",""
"YES","100","S-100","Genie","S-100","Aerial Lifts","Standard Features | * has 106 ft (32.5 m) working height | *Industry-leading outreach of 75 ft (22.9 m) | *750 lb (340 kg) lift capacity | *Four-wheel drive with four-wheel brakes | *Extendable axles, operated from platform | *Three diesel engine options | *8 ft (2.44 m) steel platform | *Fully proportional platform controls with ramp up/down feature | *Hydraulic platform rotation | *360° continuous turntable rotation | *12V DC auxiliary power | *Closed-loop hydrostatic drive | *Positive traction drive | *Drive enable system | *Self-leveling platform | *Onboard full diagnostics | *Anti-restart engine protection | *Auto engine fault shutdown | *Hydraulic oil cooler | *Engine monitoring display | *AC wiring to platform | *Foam-filled tires","images/genie/s100.jpg","https://billsequipment.mydomain.com/images/genie/s100.jpg","https://billsequipment.mydomain.com/aeriallifts.htm | https://billsequipment.mydomain.com/genie.htm","product","YES","1","active","YES","NO","90",""
"YES","100","S-120","Genie","S-120","Aerial Lifts","Standard Features | * has 126 ft (38.6 m) working height | *Industry-leading outreach of 75 ft (22.9 m) | *750 lb (340 kg) lift capacity | *Four-wheel drive with four-wheel brakes | *Four-wheel steer includes front, rear, crab and coordinated steer functions | *Extendable axles, operated from platform | *Three diesel engine options | *8 ft (2.44 m) steel platform | *Fully proportional platform controls with ramp up/down feature | *Hydraulic platform rotation | *360° continuous turntable rotation | *12V DC auxiliary power | *Closed-loop hydrostatic drive | *Positive traction drive | *Drive enable system | *Self-leveling platform | *Onboard full diagnostics | *Anti-restart engine protection | *Auto engine fault shutdown | *Hydraulic oil cooler | * Engine monitoring display | *AC wiring to platform | *Foam-filled tires | *Wire braided hose | *Tilt alarm | *Horn | *Hour meter","images/genie/s120.jpg","https://billsequipment.mydomain.com/images/genie/s120.jpg","https://billsequipment.mydomain.com/aeriallifts.htm | https://billsequipment.mydomain.com/genie.htm","product","YES","1","active","YES","NO","100",""
"YES","100","S-80","Genie","S-80","Aerial Lifts","S tandard Features | * has 86 ft (26.4 m) working height | *S-85 has 91 ft (27.9 m) working height | * has 72 ft (21.9 m) horizontal reach | *S-85 has 77 ft (23.4 m) horizontal reach | *Up to 600 lb (272 kg) lift capacity on the | *500 lb (227 kg) lift capacity on the S-85 | *Extendable axles operated from the platform | *Dual extended cylinders | *Dual fuel (Gas/LPG) or diesel engine options | *Fully proportional platform controls with ramp up/down feature | *Hydraulic platform rotation | *360° continuous turntable rotation | *12V DC auxiliary power | *Fuel select switch on platform and ground control panels (Gas/LPG models) | *Closed-loop hydrostatic drive | *Positive traction drive | *Drive enable system | *Self-leveling platform | *Rough terrain air tires | *Locking turntable covers | *Anti-restart engine protection | *Auto engine fault shutdown | *AC wiring to platform | *Wire braided hose | *Tilt alarm | *Horn | *Hour meter","images/genie/s80.jpg","https://billsequipment.mydomain.com/images/genie/s80.jpg","https://billsequipment.mydomain.com/aeriallifts.htm | https://billsequipment.mydomain.com/genie.htm","product","YES","1","active","YES","NO","110",""
"YES","100","TZ-34/20","Genie","TZ-34/20","Aerial Lifts","Standard Features | *12.36 m (40 ft) working height | *6.1 m (20 ft) horizontal reach | *200 kg (440 lb) lift capacity | *Outrigger interlocks | *Hydraulic outriggers | *Automatic levelling system | *Proportional speed control system | *Dual pneumatic jockey wheels | *Tilt alarm/sensor | *AC wiring to platform | *Mechanical surge brakes | *Parking brake | *Hour meter","images/genie/tz34.jpg","https://billsequipment.mydomain.com/images/genie/tz34.jpg","https://billsequipment.mydomain.com/aeriallifts.htm | https://billsequipment.mydomain.com/genie.htm","product","YES","1","active","YES","NO","120",""
"YES","100","Z-45/25 DC/Bi-Energy","Genie","Z-45/25","Aerial Lifts","Standard Features | *Over 51 ft (15.8 m) working height | *Over 24 ft (7.3 m) horizontal reach | *Up and over clearance of over 22 ft (6.7 m) | *5 ft (1.5 m) turning radius | *500 lb (227 kg) lift capacity | *Fully proportional controls | *180° hydraulic platform rotation on Z-45/25 models | *160° hydraulic platform rotation on Z-45/25J models | *24V DC auxiliary power unit | *Drive enable system | *End mount platform on Z-45/25J models | *AC wiring to platform | *Tilt alarm | *Horn | *Hour meter","images/genie/z45.jpg","https://billsequipment.mydomain.com/images/genie/z45.jpg","https://billsequipment.mydomain.com/aeriallifts.htm | https://billsequipment.mydomain.com/genie.htm","product","YES","1","active","YES","NO","130",""
"YES","100","Z-60/34","Genie","Z-60/34","Aerial Lifts","Standard Features | *66 ft (20.1 m) working height | *34 ft (10.4 m) horizontal reach | *500 lb (227 kg) lift capacity | *Dual fuel (Gas/LPG) or diesel engine options | *Fully proportional platform controls with ramp up/down feature | *Hydraulic platform rotation | *360° continuous turntable rotation | *12V DC auxiliary power unit | *Fuel select switch on platform and ground controls (Gas/LPG models) | *Closed-loop hydrostatic drive | *Positive traction drive | *Drive enable system | *High-angle steer | *Self-leveling platform | *Locking turntable covers | *Anti-restart engine protection | *Auto engine fault shutdown | *Engine monitoring gauges | *AC wiring to platform | *Tilt alarm | *Horn | *Hour meter","images/genie/z60.jpg","https://billsequipment.mydomain.com/images/genie/z60.jpg","https://billsequipment.mydomain.com/aeriallifts.htm | https://billsequipment.mydomain.com/genie.htm","product","YES","1","active","YES","NO","140",""
"YES","93","130 Portable Air Compressor","Sullair","","Air Compressors","The Sullair , 130 CFM at 100 PSIG, 61 L/S at 7 BAR. | 125, 185, 375 Also Available","images/sullair/md130.gif","https://billsequipment.mydomain.com/images/sullair/md130.gif","https://billsequipment.mydomain.com/aircompressors.htm | https://billsequipment.mydomain.com/sullair.htm","product","YES","1","active","YES","NO","150",""
"YES","93","1900 Portable Air Compressor","Sullair","","Air Compressors","The Sullair , 1900 CFM at 100 PSIG, 897 L/S at 7 BAR. | 750, 900, 1050, 1600 Also Available","images/sullair/md1900.jpg","https://billsequipment.mydomain.com/images/sullair/md1900.jpg","https://billsequipment.mydomain.com/aircompressors.htm | https://billsequipment.mydomain.com/sullair.htm","product","YES","1","active","YES","NO","160",""
"YES","100","Breaker Hammer Kit","Bosch","11304K","Air Compressors & Air Tools","Brute ™ | Model 11304K | Features: | *The plug-in anywhere hammer - Does not need a compressor | *8"" Diameter semi-pneumatic, ball bearing wheels - Easy rolling over rough job sites | *Rugged 1"" diameter all welded steel frame, plus heavy-duty rubber tie-down - For convenient storage and easy transportation | *4 Sockets - Holds any 1-1/8"" hex collar insert tools | *Total portability - Operates on 115/120V AC/DC, 15 amp outlet or 2500 watt portable generator | *ServiceMinder™ brush system - Shuts the Brute™ off when brush replacement, lubrication or preventive maintenance is needed | *Grease packed gear box and hammer mechanism - Eliminates uncertainty of job site lubrication | *2-way tool retainer - Accepts standard 1-1/8? hex, air tool steel with retaining collar of Bosch internal combo steel | *Shock mounted handles - Absorb vibration to reduce operator fatigue","images/bosch/11304K.jpg","https://billsequipment.mydomain.com/images/bosch/11304K.jpg","https://billsequipment.mydomain.com/bosch.htm","product","YES","1","active","YES","NO","170",""
"YES","100","Brute ™ Breaker Hammer","Bosch","11304","Air Compressors & Air Tools","Model 11304 | Features: | *The plug in anywhere hammer - Does not need a compressor | *Total portability - Operates on 115/120V AC/DC, 15 amp. outlet or 2500 watt portable generator | *ServiceMinderTM brush system - Shuts the Brute™ off when brush replacement, lubrication or preventative maintenance is needed | *Grease packed gear box and hammer mechanism - *Eliminates uncertainty of job site lubrication | *Shock mounted handles - Absorbs vibration to reduce operator fatigue | *2-way tool retainer - Accepts standard 1-1/8? hex, air tool steel with retaining collar of Bosch internal locking combo steel","images/bosch/11304_ACTION.jpg","https://billsequipment.mydomain.com/images/bosch/11304_ACTION.jpg","https://billsequipment.mydomain.com/bosch.htm","product","YES","1","active","YES","NO","180",""
"YES","93","1050 Portable Air Compressor","Sullair","","Air Compressors & Air Tools","The Sullair , 1050 CFM at 100 PSIG, 496 L/S at 7 BAR.","images/sullair/md1050.gif","https://billsequipment.mydomain.com/images/sullair/md1050.gif","https://billsequipment.mydomain.com/sullair.htm","product","YES","1","active","YES","NO","190",""
"YES","93","125 Portable Air Compressor","Sullair","","Air Compressors & Air Tools","The Sullair , 125 CFM at 100 PSIG, 59 L/S at 7 BAR.","images/sullair/md125.gif","https://billsequipment.mydomain.com/images/sullair/md125.gif","https://billsequipment.mydomain.com/sullair.htm","product","YES","1","active","YES","NO","200",""
"YES","93","1600 Portable Air Compressor","Sullair","","Air Compressors & Air Tools","The Sullair , 1600 CFM at 100 PSIG, 755 L/S at 7 BAR.","images/sullair/md1600.gif","https://billsequipment.mydomain.com/images/sullair/md1600.gif","https://billsequipment.mydomain.com/sullair.htm","product","YES","1","active","YES","NO","210",""
"YES","93","185 Portable Air Compressor","Sullair","","Air Compressors & Air Tools","The Sullair , 185 CM at 100 PSIG, 87 L/S at 7 BAR.","images/sullair/md185.gif","https://billsequipment.mydomain.com/images/sullair/md185.gif","https://billsequipment.mydomain.com/sullair.htm","product","YES","1","active","YES","NO","220",""
"YES","93","375 Portable Air Compressor","Sullair","","Air Compressors & Air Tools","The Sullair , 375 CFM at 100 PSIG, 177 L/S at 7 BAR.","images/sullair/md375.gif","https://billsequipment.mydomain.com/images/sullair/md375.gif","https://billsequipment.mydomain.com/sullair.htm","product","YES","1","active","YES","NO","230",""
"YES","93","750 Portable Air Compressor","Sullair","","Air Compressors & Air Tools","The Sullair , 750 CFM at 125 PSIG, 354 L/S at 8.5 BAR.","images/sullair/md750.gif","https://billsequipment.mydomain.com/images/sullair/md750.gif","https://billsequipment.mydomain.com/sullair.htm","product","YES","1","active","YES","NO","240",""
"YES","93","900 Portable Air Compressor","Sullair","","Air Compressors & Air Tools","The Sullair , 900 CFM at 100 PSIG, 425 L/S at 7 BAR.","images/sullair/md900.gif","https://billsequipment.mydomain.com/images/sullair/md900.gif","https://billsequipment.mydomain.com/sullair.htm","product","YES","1","active","YES","NO","250",""
"YES","86","Sullair Air Compressor","Sullair","","Air Compressors & Air Tools","The Sullair drills are designed so that the tool automatically stops operating when the operator releases the throttle lever. | The single throttle lever controls all tool functions from off, to blowing only, to progressive drilling speeds. | The unique design of the Sullair drills eliminates many high wear parts. This means less loss of power due to wear, less downtime to replace worn parts and lower overall maintenance costs. | With only two parts moving during operation, a non-corrosive automatic valve, less radial piston movement and high tech alloys, the Sullair drills do not require special rock drill oil. Normal oil carry-over from the compressor, combined with moisture in the air, will usually provide sufficient lubrication under normal operating conditions.","","","https://billsequipment.mydomain.com/sullair.htm","product","YES","1","active","YES","NO","260",""
"YES","93","Sullair Air Compressor","Sullair","","Air Compressors & Air Tools","MBT-6 Backfill Tamper | The Sullair tampers are the ideal tools for compacting backfill around utility poles, foundations and other structures. It quickly and efficiently compacts backfill soil excavated to perform service line repair before patching the pavement. | With design features and premium materials, normal oil carry-over from the compressor, combined with the moisture in the air, will supply sufficient under normal operating conditions.","images/sullair/tampers.gif","https://billsequipment.mydomain.com/images/sullair/tampers.gif","https://billsequipment.mydomain.com/sullair.htm","product","YES","1","active","YES","NO","270",""
"YES","100","1/2"" Hammer Drill","Bosch","1194AVSR","Compaction Equipment","Model 1194AVSR | Features: | *8.0 Amps, 0-1000/2600 RPM, 0-16,000/0-41,600 BPM | *2-Speed Gear Box - Matches speed and torque to the job | *Dual-Mode Selector - Easily converts from rotation-only to hammer drill mode | *Variable Speed and Reversing Switch - Complete control for drilling, driving and removing bits or screws | *All Ball and Roller Bearing Construction - Smooth power transmission and extended tool life | *Ergonomic Handle with Soft-Grip - Multiple gripping positions for increased comfort and control | *360° Side-handle with depth gauge - Wide range of movement for comfort along with consistent drilling depth | *Lock-on Button","images/bosch/1194AVSR.jpg","https://billsequipment.mydomain.com/images/bosch/1194AVSR.jpg","https://billsequipment.mydomain.com/bosch.htm","product","YES","1","active","YES","NO","280",""
"YES","100","1/2"" Hammer Drill with Carrying Case","Bosch","1194AVSRK","Compaction Equipment","Model 1194AVSRK | Features: | *8.0 Amps, 0-1000/2600 RPM, 0-16,000/0-41,600 BPM | *2 Speed gear box - Matches speed and torque to the job | *Dual function control - Quickly converts from rotation only to hammer w/rotation | *Variable speed and reversing switch - Complete control for drilling, driving and removing bits or screws | *All ball and roller bearing construction - Smooth Power transmission and extended tool life | *Ergonomic handle with soft grip - Multiple gripping positions for increased comfort and control | *360° Side-handle with depth gauge - Wide range of movement along with consistent drilling depth | *Lock-on Button","images/bosch/1194AVSRK.jpg","https://billsequipment.mydomain.com/images/bosch/1194AVSRK.jpg","https://billsequipment.mydomain.com/bosch.htm","product","YES","1","active","YES","NO","290",""
"YES","100","AP2000 Series","MBW","AP2000","Compaction Equipment","MBW's AP2000 Vibratory Plate Series is ideal for asphalt compaction, with a perfectly balanced mass, centrifugal force and amplitude. Features include replaceable, contoured wear edges for a scar-free finish and a gravity feed water system. The versatile AP2000 also has the lowest maintenance costs of any asphalt plate on the market today. | The AP2000S is lightweight yet highly productive in sand and gravel compaction. This plate is a high frequency, high centrifugal force compactor achieving up to 14 in. (36 cm).","images/mbw/ap2000.jpg","https://billsequipment.mydomain.com/images/mbw/ap2000.jpg","https://billsequipment.mydomain.com/mbw.htm","product","YES","1","active","YES","NO","300",""
"YES","100","GP3000","MBW","GP3000","Compaction Equipment","The Series of vibratory plates is an all purpose middle weight compactor that effectively handles granular and mixed soils to 18 in. (47 cm). With its optional gravity feed water system, this versatile machine also is an outstanding asphalt compactor. With many 20 year old s still performing, this series deserves its unmatched reputation for long term performance and low maintenance.","images/mbw/gp3000.jpg","https://billsequipment.mydomain.com/images/mbw/gp3000.jpg","https://billsequipment.mydomain.com/mbw.htm","product","YES","1","active","YES","NO","310",""
"YES","100","Scoot-Crete MB11 (Walk-Behind Power Buggie)","Miller","MB11","Compaction Equipment","Scoot-Crete MB11 | ! | | | | A smaller version of the MB16 power buggy, the MB11 incorporates a number of the same unique design features found in the MB16. These features result in an easy to service, low maintenance power buggy that is built to last. | The MB11 is powered by an 8hp engine directly coupled to a fan-cooled variable-speed hydrostatic pump. This arrangement provides speed or power depending on jobsite conditions and needs. Additionally, the full hydrostatic design provides improved dynamic braking. | The main frame is a welded boxframe that provides unmatched strength and structural integrity. A removable shroud protects the drive components and engine from concrete buildup. The vented shroud and “pull through” ventilation system assures safe hydraulic temperatures for longer component life. | All hydraulic hoses are enclosed within the main frame for easy access and protection. Handling is simplified by convenient lifting points and frame notch-outs for lifting with a fork truck. | The rear caster assembly consists of both roller bearing and ball bearing assemblies. This dual bearing design provides greater load carrying capacity than casters using only ball bearings.","images/miller/mb11.gif","https://billsequipment.mydomain.com/images/miller/mb11.gif","https://billsequipment.mydomain.com/miller.htm","product","YES","1","active","YES","NO","320",""
"YES","100","MVC-88","Multiquip","MVC-88","Compaction Equipment","The most technically advanced plate compactor on the market. | | The comes with a host of features, including a protective engine guard, sealed belt cover to keep rock and dirt out of the belt, a convenient oil drain, self-cleaning plate design and four lifting handles for easy elevation from each side. The , which is driven by a 5.5-horsepower Honda GX-160 engine, showcases 3,450 pounds (1,565 kg) of compaction force and has a 19.7 x 20.7 inch (50 x 53 cm) plate.","images/multiquip/Mvc88.gif","https://billsequipment.mydomain.com/images/multiquip/Mvc88.gif","https://billsequipment.mydomain.com/multiquip.htm","product","YES","1","active","YES","NO","330",""
"YES","100","MVH-120","Multiquip","MVH-120","Compaction Equipment","This plate is extremely maneuverable making it the logical choice for work in tight, confined areas. | | A 5.5-horsepower Honda GX-160 gasoline engine powers the compactor and it comes with a 15.7 x 23 inch (40 x 58 cm) plate. The features a self-cleaning plate and a top cover to keep debris off the engine. The weighs 247 pounds (111 kg).","images/multiquip/MVH-120.gif","https://billsequipment.mydomain.com/images/multiquip/MVH-120.gif","https://billsequipment.mydomain.com/multiquip.htm","product","YES","1","active","YES","NO","340",""
"YES","100","MVH-R60","Multiquip","R60","Compaction Equipment","The is the ideal machine for efficient compaction of sand, gravel and cohesive soils and the lightest in the Multiquip reversible fleet. | | The produces 3,100 pounds (1,400 kg) of centrifugal force and like several other models in the series it has a top cover to keep dirt off the engine and a self-cleaning plate. A 4-horsepower Honda GX-120 engine drives the compactor and it is fitted with a 13.8 x 18.9 inch (35 x 48 cm) plate.","images/multiquip/MVH-R60.gif","https://billsequipment.mydomain.com/images/multiquip/MVH-R60.gif","https://billsequipment.mydomain.com/multiquip.htm","product","YES","1","active","YES","NO","350",""
"YES","93","BS 50-2i | 280mm/11in Shoe, Oil-injected Vibratory Rammer","Wacker","","Compaction Equipment","WACKER's exclusive WM 80 engine features a unique patented oil-injection system | A unique patented oil-injection system provides reliable performance by eliminating spark plug fouling and carbon buildup. The no-mix system is an added convenience for operators. Plus an amazing fuel to oil ratio of 120:1 allows for longer and cleaner running times...up to 65 hours on a single tank of oil. A low oil shutdown switch prevents running the rammer without oil for trouble-free operation.","images/wacker/bs50.jpg","https://billsequipment.mydomain.com/images/wacker/bs50.jpg","https://billsequipment.mydomain.com/wacker.htm","product","YES","1","active","YES","NO","360",""
"YES","93","BS 52Y | Vibratory Rammer with 254mm/10in Shoe","Wacker","","Compaction Equipment","WACKER's WM 80, 2-stroke engine, built for tough rammer applications | WACKER rammers have set the standard in the construction industry. These rammers are powered by the exclusive WM 80, the only 2-stroke engine specifically designed and built for vibratory rammers and meets EPA and European air emission standards. WACKER's rugged rammers are designed for maximum production, performance and durability.","images/wacker/bs52y.jpg","https://billsequipment.mydomain.com/images/wacker/bs52y.jpg","https://billsequipment.mydomain.com/wacker.htm","product","YES","1","active","YES","NO","370",""
"YES","93","BS 60-2i | 280mm/11in Shoe, Oil-injected Vibratory Rammer","Wacker","","Compaction Equipment","WACKER's exclusive WM 80 engine features a unique patented oil-injection system | A unique patented oil-injection system provides reliable performance by eliminating spark plug fouling and carbon buildup. The no-mix system is an added convenience for operators. Plus an amazing fuel to oil ratio of 120:1 allows for longer and cleaner running times...up to 65 hours on a single tank of oil. A low oil shutdown switch prevents running the rammer without oil for trouble-free operation.","images/wacker/bs60.jpg","https://billsequipment.mydomain.com/images/wacker/bs60.jpg","https://billsequipment.mydomain.com/wacker.htm","product","YES","1","active","YES","NO","380",""
"YES","93","BS 70-2i | 330mm/13in Shoe, Oil-injected Vibratory Rammer","Wacker","","Compaction Equipment","WACKER's exclusive WM 80 engine features a unique patented oil-injection system | A unique patented oil-injection system provides reliable performance by eliminating spark plug fouling and carbon buildup. The no-mix system is an added convenience for operators. Plus an amazing fuel to oil ratio of 120:1 allows for longer and cleaner running times...up to 65 hours on a single tank of oil. A low oil shutdown switch prevents running the rammer without oil for trouble-free operation.","images/wacker/bs70.jpg","https://billsequipment.mydomain.com/images/wacker/bs70.jpg","https://billsequipment.mydomain.com/wacker.htm","product","YES","1","active","YES","NO","390",""
"YES","93","Ideal for","EDCO","","Concrete Finishing","Grinding Stones have various grits for course or fine polishing. | | Removing trowel marks | Removing rain spots | Leveling high joints less than 1/16"" high | Removing excess concrete | Smoothing rough finishes | Grinding and polishing terrazzo and marble","images/edco/stones.jpg","https://billsequipment.mydomain.com/images/edco/stones.jpg","https://billsequipment.mydomain.com/edco.htm","product","YES","1","active","YES","NO","400",""
"YES","93","Finishing Brooms | *","Kraft Tool","","Concrete Finishing","Perfect for brushing down concrete after floating | *Available in aluminum and wood heads | *Width choice of 24"", 36"" or 48"" | *Brooms accept wood or aluminum extension handles","images/kraft/con_finish_broom.gif","https://billsequipment.mydomain.com/images/kraft/con_finish_broom.gif","https://billsequipment.mydomain.com/finishers.htm","product","YES","1","active","YES","NO","410",""
"YES","100","F-24, F-36/4, F-46/4, F-46/4 HD Models Available","MBW","F-24","Concrete Finishing","MBW Walk-Behind Power Trowels are the lowest maintenance and longest lived power trowels available today. These rugged machines now feature safety rings to protect an operator's hands or feet from blade during operation. The safety rings are in addition to MBW trowels' standard guard rings that also increase safety as well as provide concentricity for maximum productivity and even finishes. | | Other features include an over-built gear box with ground journal bearings, one piece worm shaft, and heavy duty hub and flange; a handle six inches longer than most competitors for greater leverage; and the industry's strongest spider assembly with teflon-lined, steel arm bore inserts that will not pound out. The blade arms are milled for precise blade alignment to eliminate wobbling and enable consistent finishes. | MBW Power Trowel options offer a Blitzpitch blade tilting device; custom blades (finish, combo or snap-on float); adjustable guard ring for edging; and a heavy duty kit to increase overall weight.","images/mbw/walkbehindpowertrowels.jpg","https://billsequipment.mydomain.com/images/mbw/walkbehindpowertrowels.jpg","https://billsequipment.mydomain.com/mbw.htm","product","YES","1","active","YES","NO","420",""
"YES","100","36"" HP-Series (HPLA-36-4-8H","Multiquip","HPLA-36-4-8H","Concrete Finishing",") | Whiteman’s high-performance power trowels give operators the muscle to complete any pan floating application. | | The HPLA-36-4-8H has a rotor speed of 60-125 rpm and a 36-inch (91.5 cm) ring diameter. This impressive rotor rpm, along with the strength of an 8-horsepower Honda gasoline engine, allows concrete contractors to efficiently burnish slabs. The HPLA-36-4-8H has four blades and at 171 pounds (77 kg) it is the lightest of the high-performance trowels from Multiquip’s Whiteman concrete division. Complement the trowel with our high-performance Whiteman blades.","images/multiquip/HP-serieswalktrowel.gif","https://billsequipment.mydomain.com/images/multiquip/HP-serieswalktrowel.gif","https://billsequipment.mydomain.com/multiquip.htm","product","YES","1","active","YES","NO","430",""
"YES","100","48"" HD-series (HDA-48-4-11H)","Multiquip","HDA-48-4-11H","Concrete Finishing","Achieve the flattest floors around with Whiteman’s high-performance walk-behind trowels from Multiquip. | | The HDA-48-4-11H has a massive 48-inch (122 cm) ring diameter allowing building professionals to effectively flatten a wide area in a timely manner. This trowel comes with a heavy-duty gearbox and spider assembly along with an 11-horsepower Honda engine. The gearbox boasts a 50 percent greater oil capacity and large tapered bearings to minimize friction and reduce operating temperature. The HDA-48-4-11H has a rotor speed of","images/multiquip/HD-series.gif","https://billsequipment.mydomain.com/images/multiquip/HD-series.gif","https://billsequipment.mydomain.com/multiquip.htm","product","YES","1","active","YES","NO","440",""
"YES","100","Concrete mixer mod. S 380 - type S 95","Lino Sella","S360","Concrete Mixers","Electro-hydraulic mechanisms that simplify at the most the user's work | - Skip piston with oil anti-reflex valves that stop the oil falling even in case of damage of the hydraulic plant. | - Charging ramp and scraper | - 4 pneumatic tyres (optional)","images/linosella/s380_s95.jpg","https://billsequipment.mydomain.com/images/linosella/s380_s95.jpg","https://billsequipment.mydomain.com/concretemixers.htm | https://billsequipment.mydomain.com/concretemixers.htm | https://billsequipment.mydomain.com/concretemixers.htm | https://billsequipment.mydomain.com/linosella.htm","product","YES","1","active","YES","NO","450",""
"YES","93","Hydraulic Concrete mixer mod. Hopper","Lino Sella","","Concrete Mixers","View Information/Specifications for following models below: | - M 1000 | - S 1200 | - S 1500","images/linosella/hopper m1000.jpg","https://billsequipment.mydomain.com/images/linosella/hopper%20m1000.jpg","https://billsequipment.mydomain.com/linosella.htm","product","YES","1","active","YES","NO","460",""
"YES","100","Hydraulic Concrete mixer mod. Hopper - S360","Lino Sella","S360","Concrete Mixers","Hydraulic mechanisms for easy operating of the drum and of the loading skip | - Scraper connected by low tension plant (optional) | - 4 pneumatic tyres (optional) | - Litre-Conteur | - Hydraulic weighing system | - Charge ramp","images/linosella/hopper s360.jpg","https://billsequipment.mydomain.com/images/linosella/hopper%20s360.jpg","https://billsequipment.mydomain.com/concretemixers.htm | https://billsequipment.mydomain.com/linosella.htm","product","YES","1","active","YES","NO","470",""
"YES","100","Hydraulic Concrete mixer mod. Hopper - S520","Lino Sella","S520","Concrete Mixers","Hydraulic mechanisms for easy operating of the drum and of the loading skip | - Scraper connected by low tension plant (optional) | - 4 pneumatic tyres (optional) | - Litre-Conteur | - Hydraulic weighing system | - Charge ramp","images/linosella/hopper s520.jpg","https://billsequipment.mydomain.com/images/linosella/hopper%20s520.jpg","https://billsequipment.mydomain.com/concretemixers.htm | https://billsequipment.mydomain.com/linosella.htm","product","YES","1","active","YES","NO","480",""
"YES","100","Hydraulic Concrete mixer mod. Hopper - S750","Lino Sella","S750","Concrete Mixers","Hydraulic mechanisms for easy operating of the drum and of the loading skip | - Scraper connected by low tension plant (optional) | - 4 pneumatic tyres (optional) | - Litre-Conteur | - Hydraulic weighing system | - Charge ramp","images/linosella/hopper s750.jpg","https://billsequipment.mydomain.com/images/linosella/hopper%20s750.jpg","https://billsequipment.mydomain.com/concretemixers.htm | https://billsequipment.mydomain.com/linosella.htm","product","YES","1","active","YES","NO","490",""
"YES","100","MC1050","Miller","MC1050","Concrete Mixers","Curbilder™ (Slipform Curb Machine) | Miller’s Slipform Curb & Gutter machine places concrete curbing and sidewalks ranging from 8"" to 48"" wide and 5"" to 18"" tall. With curbing speeds up to 12fpm the is the ideal machine for commercial and residential curbing jobs. | Miller’s modular frame design makes form changes a breeze and minimizes down time. With four available slide mounted hoppers the can straddle forms up to 4' wide or offset to 18"" left or right for placement next to obstacles. These features along with quick clamp vibrator mounts allow set up changes in less than 1 hour. | The hopper is fed by a high capacity conveyor located left or right side for easy access for the concrete mixer and can be quickly removed for cleaning. The hydrostatic drive and vibrators provide the operator complete control over the machine operation to produce a consistent and durable free-standing concrete product. | The front and rear boom-mounted control panels offer a wide selection of operator positions. This allows the operator to move the controls and keep adjustments at the operator’s fingertips from any position around the machine. | The comes pre-wired to accept several automatic control options including laser, string line wand, or slope module grade controls and string line wand type automatic steering. Fully adjustable sensor mounts can be attached on several positions on both sides of the machine to increase set up versatility. With the optional laser grade control system, receiver masts are located at each wheel position and can hold elevation within ±1/8"". | The 's compact size allows it to be easily carried on a standard tandem axle trailer. Collapsible rear wheels allow the machine width to be reduced to 52"" wide. Tie-down and lifting points are conveniently located at each corner.","images/miller/1050.gif","https://billsequipment.mydomain.com/images/miller/1050.gif","https://billsequipment.mydomain.com/miller.htm","product","YES","1","active","YES","NO","500",""
"YES","93","Concrete Mixer (MC-92S-H8","Multiquip","MC-92S-H8","Concrete Mixers","Picture Unavailable | ! | | ) | Multiquip listened to our customers and constructed a concrete mixer that delivers even more than promised. | | We’ve combined the most useful ingredients in the productive MC-92S-H8 9-cubic foot (248 liters) mixer. This unit, fueled by an 8-horsepower Honda engine, mixes concrete with the effectiveness that has served the demanding rental industry and contractors for years. The drum has a generous 21-inch (53 cm.) opening for the simple loading and unloading of material in even the most difficult environments.","","","https://billsequipment.mydomain.com/multiquip.htm","product","YES","1","active","YES","NO","510",""
"YES","93","Aurora Piston Pump Machines Drywall","Spray Force","","Concrete Mixers","The Aurora Piston Pump series is available in our standard tank sizes, with your choice of a 2"" or 3"" piston pump, and single or dual tanks. With hydraulic technology at your fingertips, dial in your desired pump and mixer speed.","images/sprayforce/aurora.gif","https://billsequipment.mydomain.com/images/sprayforce/aurora.gif","https://billsequipment.mydomain.com/sprayforce.htm","product","YES","1","active","YES","NO","520",""
"YES","93","Hurricane 225 XR-1 and XR-2","Spray Force","","Concrete Mixers","The Hurricane 225XR1 and 225XR2 are medium-sized, hydraulically operated, towable drywall-mixer machines. The XR1 machine features a single tank with one 2L4 Rotor-Stator pump. The XR2 has a dual tank, split 129 and 93 gallons and two 2L4 rotor stator pumps. It also comes with an additional polegun and hose. The pump and mixer can be infinitely controlled over its operating range for superior speed control. This machine is ideal for small to medium sized jobs.","images/sprayforce/hurricane-225.gif","https://billsequipment.mydomain.com/images/sprayforce/hurricane-225.gif","https://billsequipment.mydomain.com/sprayforce.htm","product","YES","1","active","YES","NO","530",""
"YES","100","Concrete Mixer - 125cm Diesel","Stone","B78","Concrete Mixers","Largest Heavy Duty Side Dump | For those jobs that require maximum mixing capacity and high performance. Built to handle heavy loads with an unheard of 1/2 yard capacity. Complete with B78 x 13 (25"" dia.) high speed tires, tapered roller bearings, 56"" wide axle with cantilever springs, 2-3/8"" O.D., 7/32"" thick towpole with safety chain, pintle style hitch, 24"" dia. handwheel, oversized paddles, chain drive and dump lock, spacious cowl for maximum ventilation. | Big 40"" diameter thick steel drum","images/stonemixers/125cm.jpg","https://billsequipment.mydomain.com/images/stonemixers/125cm.jpg","https://billsequipment.mydomain.com/concretemixers.htm | https://billsequipment.mydomain.com/stone.htm","product","YES","1","active","YES","NO","540",""
"YES","100","Concrete Mixer - 95cm Diesel","Stone","B78","Concrete Mixers","Large Heavy Duty Side Dump | A generous 9 cu. ft. capacity for large batches. Complete with B78 x 13 (25"" dia.) high speed tires, tapered roller bearings, 56"" wide axle with cantilever springs, 2-3/8"" O.D., 7/32"" thick towpole with safety chain, pintile style hitch, 24"" dia. handwheel, chain drive and dump lock, spacious cowl for maximum ventilation. | Big 36"" diameter thick steel drum","images/stonemixers/95cm.jpg","https://billsequipment.mydomain.com/images/stonemixers/95cm.jpg","https://billsequipment.mydomain.com/concretemixers.htm | https://billsequipment.mydomain.com/stone.htm","product","YES","1","active","YES","NO","550",""
"YES","100","Mortar Mixer - 855pm Gas","Stone","B78","Concrete Mixers","Deluxe Mid Range | 8 cu. ft., 2-1/2 to 3 bag capacity - HIGH DUMP MIXER | Front post hand clutch. | Extendible axle (34"" to 46""). | High speed B78 x 13 (25"" dia.) turnpike tires. | Rubber blades and safety chain standard.","images/stonemixers/855pm.jpg","https://billsequipment.mydomain.com/images/stonemixers/855pm.jpg","https://billsequipment.mydomain.com/concretemixers.htm | https://billsequipment.mydomain.com/stone.htm","product","YES","1","active","YES","NO","560",""
"YES","100","Concrete Pump (C-30HDN)","Multiquip","C-30HDN","Concrete Pumps","Mayco invented the small-line concrete pump and our pump line features an astounding array of standard and optional features. | | The C-30HDN, after 40 years of production, is still the most popular pump on the market. This mechanical unit pumps up to 25-cubic yards (19-cubic meters) of concrete an hour with the strength of a 46-horsepower Nissan gasoline engine. The C-30HDN is ideal for shotcrete applications of stiff, low slump mixes such as swimming pools, ditch linings, soil stabilization and walls. It pumps a maximum aggregate of 0.5-inch minus (12 mm.) and comes standard with a remote control for easy operation.","images/multiquip/c30hdn.jpg","https://billsequipment.mydomain.com/images/multiquip/c30hdn.jpg","https://billsequipment.mydomain.com/concretepumps.htm | https://billsequipment.mydomain.com/multiquip.htm","product","YES","1","active","YES","NO","570",""
"YES","100","Mid-Range Concrete Pump (LS-40)","Multiquip","LS-40","Concrete Pumps","Big pump performance. Reasonably priced. | | *Big pump performance. Reasonably priced. | *Variable volume output from 0 to 40+ cubic yards per hour (0 to 35 m³/hr) | *Designed to handle the larger 3/4"", 1"" and up to 1 1/2"" aggregate (38 mm) | *Concrete piston face pressure of 925 psi (64 bar) | *60-HP or 75.5-HP Deutz diesel engines | *Extremely versatile—use for refractory, shotcrete, masonry block fill, slabs, footings, lightweight mixes | *True reverse shuttle tube pumping—for smoother operation | *Full flow, cast steel shuttle-tube for longer life | *Hard-faced wear components for longer life and lower maintenance costs","images/multiquip/ls-40.gif","https://billsequipment.mydomain.com/images/multiquip/ls-40.gif","https://billsequipment.mydomain.com/concretepumps.htm | https://billsequipment.mydomain.com/multiquip.htm","product","YES","1","active","YES","NO","580",""
"YES","100","The Shindaiwa EC7500","Honda","EC7600","Concrete Saws & Cutting","Features | *Powerful 73.5cc displacement, 4.5 hp (3.6 kW) Shindaiwa-built engine | *High torque transmission reduction system for excellent cutting performance | *Unique sealed recoil starter to keep out abrasive concrete dust | *Sealed multi-staged air filter system | *Engine decompression valve for easy starting | *Easy, convenient drive belt tensioning system with external indicator | *Soft rubber inserts in rear handle for maximum operator comfort | *Full 6-point anti-vibration system | *20/22/25.4 mm collar adaptors included | *Includes abrasive wheel | *12"" (EC7500, and 14"" (EC7600) cut-off saw wheels available | *Designed for lowest possible down time | *Meets all current EPA requirements","images/honda/EC7500.gif","https://billsequipment.mydomain.com/images/honda/EC7500.gif","https://billsequipment.mydomain.com/honda.htm","product","YES","1","active","YES","NO","590",""
"YES","100","MVC-90","Multiquip","MVC-90","Concrete Vibrators","The boasts more standard features than any other one-way compactor. | | This one-way plate produces 3,350 (1,520 kg.) of centrifugal force and is fitted with a 19.6 x 22 inch (50 x 56 cm.) plate. The ’s durable steel-enclosed and ribbed base plate eliminates dirt and rock build-up while extending the life of the compactor. The includes an engine oil alarm that shuts the machine down if the oil falls below a safe level, a heavy-duty vibrator assembly, a durable steel water distribution system, reversible shock mounted handle and the choice of Robin or Honda gasoline engines.","images/multiquip/MVC-90H.gif","https://billsequipment.mydomain.com/images/multiquip/MVC-90H.gif","https://billsequipment.mydomain.com/multiquip.htm","product","YES","1","active","YES","NO","600",""
"YES","93","Oztec Concrete Vibrator","Oztec","","Concrete Vibrators","Electric Motors | Oztec Electric motors are manufactured to exacting specifications to withstand the rough day to day abuses associated with construction sites. Lightweight, compact and fitted with our comfortable adjustable shoulder strap, this one man power unit will speed through the stiffest concrete. Using the Vibrator Selection Chart allows you to combine power units with any of Oztec's steel or rubber vibrator heads for maximum productivity. | All Oztec Power Units (gas and electric) run vibrator heads 11,000 to 12,000 vpm. They never drop below 10,000vpm even in the lowest slump concrete (near 0) when maximum head size specifications are followed. | Oztec power units come standard with the Quick Disconnect ""QD"" system. Changing shafts and heads on the job is a snap. | Job Site Proven | Tough, Rugged, and Durable! Oztec's design has been extensively tested and used on-the-job for over thirty years. The wrap around protective frame and shock absorbers effectively protect Oztec motors from damage even when dropped or thrown from heights of over six feet. | Oztec units meet all United States OSHA and Canadian safety standards.","images/oztec/e_power_chart.gif","https://billsequipment.mydomain.com/images/oztec/e_power_chart.gif","https://billsequipment.mydomain.com/oztec.htm","product","YES","1","active","YES","NO","610",""
"YES","93","Rubber Tips","Oztec","","Concrete Vibrators","Steel Heads | Oztec Vibrator Heads produce the highest amplitude and centrifugal force, generating the largest radius of influence of any heads available. Energy is efficiently transferred from the motor, via the shaft, to the head, which is all eccentric (vibrating the entire head). Whether combined with one of Oztec's electric or gasoline powered motors and choice of flexible shafts…The results are exceptional!…Superior consolidation, increased productivity and a process more forgiving of less than perfect vibrating techniques. The benefits?? Lower cost…Higher earnings…Superior quality concrete!! | Steel Heads - Standard of the industry for use in most applications. | | Special Pencil Head ""For Fill Cell Block"" | Mild Vibration Pencil Head - High frequency, low amplitude. (For fill-cell block use; to prevent blowouts). Call 1-800-533-9055 for technical information. | ¾"" x 12"" (pencil head-mild vibration) | | | | Available for all Steel Heads. are factory installed on steel heads. To order, add RT to the head part number.","images/oztec/steelhead.gif","https://billsequipment.mydomain.com/images/oztec/steelhead.gif","https://billsequipment.mydomain.com/oztec.htm","product","YES","1","active","YES","NO","620",""
"YES","100","A3000 – Features and Benefits","Wacker","HMS","Concrete Vibrators","High frequency and amplitude of the vibrator head on the Head, Motor, Shaft (HMS) System ensures more complete consolidation of concrete. | Standard quick disconnect coupling on motor facilitates shaft exchange. No troublesome threading or stripping. | Integrated quick disconnect couplings on shafts easily connect to all WACKER motors, offering 62 combinations","images/wacker/a3000.jpg","https://billsequipment.mydomain.com/images/wacker/a3000.jpg","https://billsequipment.mydomain.com/wacker.htm","product","YES","1","active","YES","NO","630",""
"YES","100","M1000 – Features and Benefits","Wacker","HMS","Concrete Vibrators","Lightweight, but rugged unit preferred by operators. | Double insulated and grounded motor improves safety. | Dual air filters extend motor life and allow for easier maintenance. | High frequency and amplitude of the vibrator head on the Head, Motor, Shaft (HMS) System ensures more complete consolidation of concrete. | Motor airflow from rear to front prevents dust buildup that would otherwise cause motor damage. | Standard quick disconnect coupling on motor facilitates shaft exchange. No troublesome threading or stripping. | Quick release brush covers simplifies brush replacements. | Dust and waterproof on-off switch eliminates burnout and damage. | Strain relieved electrical cord inhibits cord pull out, reducing downtime. | Integrated quick disconnect couplings on shafts easily connect to all WACKER motors, offering 62 combinations. | Circuit breaking carbon brushes stop motor when replacement is required. | Standard 60 Hz electrical power.","images/wacker/m1000.jpg","https://billsequipment.mydomain.com/images/wacker/m1000.jpg","https://billsequipment.mydomain.com/wacker.htm","product","YES","1","active","YES","NO","640",""
"YES","100","M2000 – Features and Benefits","Wacker","HMS","Concrete Vibrators","Lightweight, but rugged unit preferred by operators. | Double insulated and grounded motor improves safety. | Dual air filters extend motor life and allow for easier maintenance. | High frequency and amplitude of the vibrator head on the Head, Motor, Shaft (HMS) System ensures more complete consolidation of concrete. | Motor airflow from rear to front prevents dust buildup that would otherwise cause motor damage. | Standard quick disconnect coupling on motor facilitates shaft exchange. No troublesome threading or stripping. | Quick release brush covers simplifies brush replacements. | Dust and waterproof on-off switch eliminates burnout and damage. | Strain relieved electrical cord inhibits cord pull out, reducing downtime. | Integrated quick disconnect couplings on shafts easily connect to all WACKER motors, offering 62 combinations. | Circuit breaking carbon brushes stop motor when replacement is required. | Standard 60 Hz electrical power.","images/wacker/m2000.jpg","https://billsequipment.mydomain.com/images/wacker/m2000.jpg","https://billsequipment.mydomain.com/wacker.htm","product","YES","1","active","YES","NO","650",""
"YES","100","M3000 – Features and Benefits","Wacker","HMS","Concrete Vibrators","Lightweight, but rugged unit preferred by operators. | Double insulated and grounded motor improves safety. | Dual air filters extend motor life and allow for easier maintenance. | High frequency and amplitude of the vibrator head on the Head, Motor, Shaft (HMS) System ensures more complete consolidation of concrete. | Motor airflow from rear to front prevents dust buildup that would otherwise cause motor damage. | Standard quick disconnect coupling on motor facilitates shaft exchange. No troublesome threading or stripping. | Quick release brush covers simplifies brush replacements. | Dust and waterproof on-off switch eliminates burnout and damage. | Strain relieved electrical cord inhibits cord pull out, reducing downtime. | Integrated quick disconnect couplings on shafts easily connect to all WACKER motors, offering 62 combinations. | Circuit breaking carbon brushes stop motor when replacement is required. | Standard 60 Hz electrical power.","images/wacker/m3000.jpg","https://billsequipment.mydomain.com/images/wacker/m3000.jpg","https://billsequipment.mydomain.com/wacker.htm","product","YES","1","active","YES","NO","660",""
"YES","100","AH 231","Honda","WYL-26A","Engines","Articulated Double-Sided Hedge Trimmer | | Features | *Shindaiwa-built premium 2-cycle engine | *Walbro WYL-26A carburetor with primer | *Chrome-plated cylinder | *2-ring piston | *One-piece transistor-controlled ignition system | *Adjusts to 10 different positions through a range of 150º | *Efficient, double-sided cutter | *Silenced air cleaner | *Convenient controls","images/honda/ah230.gif","https://billsequipment.mydomain.com/images/honda/ah230.gif","https://billsequipment.mydomain.com/honda.htm","product","YES","1","active","YES","NO","670",""
"YES","100","GX160","Honda","GX160","Engines","A 5.5 HP, OHV horizontal-shaft engine with electronic ignition and Oil Alert® | Applications | Air compressors, Generators, Pumps | Pressure washers, Reel-type lawn mowers, Go-Karts, Agricultural equipment, Chipper/Shredders, Small construction equipment, Concrete saws | Other Models Available","images/honda/GX160.gif","https://billsequipment.mydomain.com/images/honda/GX160.gif","https://billsequipment.mydomain.com/honda.htm","product","YES","1","active","YES","NO","680",""
"YES","100","GX240","Honda","GX240","Engines","An 8HP OHV horizontal-shaft engine with electronic ignition and Oil Alert®. | Applications | Cement mixers and trowels, Air compressors, Water pumps, Agricultural equipment, Blowers/vacs, Pressure washers, Generators, Go-Karts, Concrete saws, Chippers/shredders, Plus many other construction applications | Other Models Available","images/honda/GX240.gif","https://billsequipment.mydomain.com/images/honda/GX240.gif","https://billsequipment.mydomain.com/honda.htm","product","YES","1","active","YES","NO","690",""
"YES","100","GX340","Honda","GX340","Engines","A 13 HP OHV horizontal-shaft engine with automatic decompression for easy starting. The 13HP is the largest workhorse in our line of industrial engines. | Applications | Lawn tractors, Pressure washers, Go-Karts, Trenchers, Agricultural equipment, Chipper/shredders, Air compressors, Concrete saws, Variety of construction equipment | Other Models Available","images/honda/GX390.gif","https://billsequipment.mydomain.com/images/honda/GX390.gif","https://billsequipment.mydomain.com/honda.htm","product","YES","1","active","YES","NO","700",""
"YES","93","Honda Engine","Honda","","Engines","The Shindaiwa 300S | HomePro | Features | *Shindaiwa-built premium 2-cycle engine | *Electronic ignition | *Walbro WYM boot-mounted carburetor | *USFS-approved spark arrestor muffler | *5-point anti-vibration system | *Easy access air filter | *Fully adjustable, automatic chain oiling pump | *Chrome-plated cylinder | *Chain brake | *High-impact glass filled nylon rear handle and recoil housing | *Chain catcher","images/honda/prod_300S.gif","https://billsequipment.mydomain.com/images/honda/prod_300S.gif","https://billsequipment.mydomain.com/honda.htm","product","YES","1","active","YES","NO","710",""
"YES","93","Honda Engine","Honda","","Engines","The Shindaiwa 757 | Features | *Shindaiwa-built premium 2-cycle engine | *Fully adjustable and automatic chain oiling pump | *Pressed-in bar studs | *PowerPro Air filter system | *Heavy-duty cooling | *1-piece electronic ignition | *Externally-adjustable, boot-mounted Walbro HDA carburetor | *Full anti-vibration system | *Inertial chain brake | *Chain catcher | *2-ring piston | *Outboard sprocket","images/honda/prod_757.gif","https://billsequipment.mydomain.com/images/honda/prod_757.gif","https://billsequipment.mydomain.com/honda.htm","product","YES","1","active","YES","NO","720",""
"YES","93","Honda Engine","Honda","","Engines","The Shindaiwa 488 | Features | *Shindaiwa-built premium 2-cycle engine | *1-piece electronic ignition | *Externally-adjustable, boot-mounted Walbro carburetor | *USFS-approved spark arrestor muffler | *5-point anti-vibration system | *Chain brake | *High-torque engine | *Ultra-high chain speed | *Rubber-coated chain catcher | *Fully adjustable, automatic chain oiling pump | *Hand guards | *Rim-type sprocket","images/honda/prod_488.gif","https://billsequipment.mydomain.com/images/honda/prod_488.gif","https://billsequipment.mydomain.com/honda.htm","product","YES","1","active","YES","NO","730",""
"YES","100","T350","Honda","T350","Engines","The Shindaiwa | | Features | * Shindaiwa-built premium 2-cycle engine | *l-piece electronic ignition | *Chrome-plated cylinder | *2-ring piston | *TK slide-valve carburetor for all-position operation and smooth power | *Forced-air cooling, discharged away from operator | *Spark arrestor muffler with replaceable screen | *High-carbon steel mainshaft with splined ends reduces vibration and operator fatigue | *Heavy-duty gear case with helical gears for smooth power transfer | *Easy-access stop switch | *Aircraft-grade aluminum outer tube | *Heavy-duty debris shield","images/honda/prod_T350.gif","https://billsequipment.mydomain.com/images/honda/prod_T350.gif","https://billsequipment.mydomain.com/honda.htm","product","YES","1","active","YES","NO","740",""
"YES","93","The Shindaiwa 357","Honda","","Engines","Top Handle | | Features | *Shindaiwa-built premium 2-cycle engine | *USFS-approved muffler and spark arrestor | *Easy-access air filter | *Top-handle balanced design | *Inertial chain brake | *High-torque reed valve design | *2-ring piston | *Turbo port air injection system | *All position operation | *Light weight construction | *Ultra quiet | *Full anti-vibration system","images/honda/357a.gif","https://billsequipment.mydomain.com/images/honda/357a.gif","https://billsequipment.mydomain.com/honda.htm","product","YES","1","active","YES","NO","750",""
"YES","93","The Shindaiwa 360","Honda","","Engines","Features | *Shindaiwa-built premium 2-cycle engine | *Electronic ignition | *Externally-adjustable, boot-mounted Walbro WT carburetor | *3-shoe centrifugal clutch | *5-point anti-vibration system | *Aluminium alloy front handlebar | *Chain brake | *Fully adjustable, automatic chain oiling pump | *Chain catcher | *Front and rear hand guards | *2-ring piston | *High-impact nylon rear handles and recoil","images/honda/360a.gif","https://billsequipment.mydomain.com/images/honda/360a.gif","https://billsequipment.mydomain.com/honda.htm","product","YES","1","active","YES","NO","760",""
"YES","93","The Shindaiwa 377","Honda","","Engines","Features | *Shindaiwa-built premium 2-cycle engine | *High-torque engine | *1-piece electronic ignition | *Externally-adjustable, boot-mounted Walbro WT carburetor | *4-bolt muffler | *5-point anti-vibration system | *Fully adjustable, automatic chain oiling pump | *Aluminum alloy front handle bar | *Chain brake | *Chain catcher | *Hand guard | *2-bar studs","images/honda/377a.gif","https://billsequipment.mydomain.com/images/honda/377a.gif","https://billsequipment.mydomain.com/honda.htm","product","YES","1","active","YES","NO","770",""
"YES","100","The Shindaiwa T231","Honda","T231","Engines","Features | *Shindaiwa-built premium 2-cycle engine | *1-piece electronic ignition | *Chrome-plated cylinder | *Forced-air cooling, discharged away from operator | *Spark arrestor muffler with replaceable screen | *Stainless steel tank guard | *Walbro barrel-valve carburetor for all-position operation and smooth power | *Easy access stop switch | *Automatic centrifugal clutch | *2-ring piston | *Full anti-vibration system | *Carbon steel mainshaft with splined ends reduces vibration and operator fatigue | *Heavy-duty gearcase with helical gears for smooth power transfer | *Aircraft-grade aluminum outer tube | *Heavy-duty debris shield","images/honda/t231.gif","https://billsequipment.mydomain.com/images/honda/t231.gif","https://billsequipment.mydomain.com/honda.htm","product","YES","1","active","YES","NO","780",""
"YES","100","The Shindaiwa T261","Honda","T261","Engines","Features | *Shindaiwa-built premium 2-cycle engine | *1-piece electronic ignition | *Chrome-plated cylinder | *Forced-air cooling, discharged away from operator | *Spark arrestor muffler with replaceable screen | *Stainless steel tank guard | *Easy access stop switch | *Automatic centrifugal clutch | *2-ring piston | *Full anti-vibration system | *Carbon steel mainshaft with splined ends reduces vibration and operator fatigue | *Heavy-duty gearcase with helical gears for smooth power transfer | *Aircraft-grade aluminum outer tube | *Heavy-duty debris shield","images/honda/T261.gif","https://billsequipment.mydomain.com/images/honda/T261.gif","https://billsequipment.mydomain.com/honda.htm","product","YES","1","active","YES","NO","790",""
"YES","100","The Shindaiwa T272X","Honda","T272X","Engines","The T272X delivers outstanding power for heavy-duty applications. | Features | *Shindaiwa-built premium 2-cycle engine | *1-piece electronic ignition | *Chrome-plated cylinder | *Forced-air cooling, discharged away from operator | *Spark arrestor muffler with replaceable screen | *Walbro barrel-valve carburetor for all-position operation and smooth power | *High-heat resistant Nickel-Boron plated piston | *Automatic centrifugal clutch | *2-ring piston | *Full anti-vibration system | *Carbon steel mainshaft with splined ends reduces vibration and operator fatigue | *Heavy-duty gearcase with helical gears for smooth power transfer | *Easy-access stop switch | *Aircraft-grade aluminum outer tube | *Heavy-duty debris shield","images/honda/T272X-Model-view-A.gif","https://billsequipment.mydomain.com/images/honda/T272X-Model-view-A.gif","https://billsequipment.mydomain.com/honda.htm","product","YES","1","active","YES","NO","800",""
"YES","100","Scoot-Crete MB16/21","Miller","MB16/21","Engines","(Stand On Power Buggie) | Since introduced in 1991, Miller MB16 power buggies have become the standard by which all other power buggies are judged.The 2"" thick solid plate steel frame provides unmatched strength and structural integrity, plus greater durability and ideal weight distribution.The lower center of gravity and weight distribution provide excellent traction. | Heavy duty semi-enclosed band brakes are designed to stop the buggy if the engine loses power or if dynamic braking is lost due to hydraulic system failure.These brakes will stop the buggy safely in wet or dry conditions, whether on a level grade or downhill. | The MB16/21 is powered by a Honda engine directly coupled to a fan cooled, variable speed hydrostatic pump.The drive components are protected from concrete buildup by a removable shroud.This shroud is louvered to keep concrete out while providing proper ventilation.The high density poly bucket is impact resistant and designed to withstand the toughest use.All hydraulic hoses are enclosed in raceways for added protection. Handling is simplified with convenient lifting points and frame notch-outs for lifting with a fork truck. | The optional handle mounted dump/return control allows the operator to keep both hands on the handle bar while dumping and returning the bucket. This is particularly useful when placing material while backing up.","images/miller/mb16.gif","https://billsequipment.mydomain.com/images/miller/mb16.gif","https://billsequipment.mydomain.com/miller.htm","product","YES","1","active","YES","NO","810",""
"YES","93","Performance Classes 40 & 60","STIHL","","Engines","Optimum results from your STIHL Cutquik® cutoff machine can only be achieved with a cutting wheel that has been designed to match the machine's engine power. STIHL offers two types of abrasive cutting wheels: composite synthetic resin and abrasive diamond wheels. | STIHL offers laser-welded abrasive diamond wheels for high speed cutting of stone and asphalt. When handled correctly, their service life can be between 200 to 400 times longer than that of a composite wheel, depending on the material to be cut and the techniques employed. | Selecting the correct diamond wheel | Several classes of STIHL diamond wheels are available for cutting various materials. The table shows which wheel is appropriate for specific applications. Characteristics of each are as follows: | Performance Class 10 & 20 | Our most economical diamond wheels, offering high-quality cutting properties. | | | For more demanding tasks, Classes 40 & 60 wheels offer excellent cutting capacity and extended service life. | Performance Class 80 | The top-of-the-line wheels offer a higher concentration and/or quality of diamonds, providing superior cutting characteristics and extremely long life.","images/stihl/diamondwheels.gif","https://billsequipment.mydomain.com/images/stihl/diamondwheels.gif","https://billsequipment.mydomain.com/stihl.htm","product","YES","1","active","YES","NO","820",""
"YES","93","STIHL Engine","STIHL","","Engines","TS 700 STIHL Cutquik® Professional Cut-Off Machine | With a powerful, high-speed engine, it's easy to see why the TS 700 STIHL Cutquik® cut-off machine is one of the most advanced STIHL Cutquik® machines ever produced. Featuring the X2 low maintenance filtration system , you get extended service cutting and airflow with almost 100 percent cleaning efficiency. Not only is this cut-off machine lightweight and well balanced, it also features a five-point dual element vibration control system — the right choice for even the most demanding professionals.","images/stihl/ts700.jpg","https://billsequipment.mydomain.com/images/stihl/ts700.jpg","https://billsequipment.mydomain.com/stihl.htm","product","YES","1","active","YES","NO","830",""
"YES","90","STIHL shown Engine","STIHL","shown","Engines","TS 760 STIHL Cutquik® cut-off machine | STIHL's most powerful cut-off machine. Designed for cart use and heavy-duty applications which require greater engine power. The EASYSTART® system with decompression valve and 3-stage air filter is standard. Available with either a 14"" or 16"" wheel for deeper cuts. | Note: Model shown with optional STIHL diamond cutting wheel.","images/stihl/ts760.gif","https://billsequipment.mydomain.com/images/stihl/ts760.gif","https://billsequipment.mydomain.com/stihl.htm","product","YES","1","active","YES","NO","840",""
"YES","93","TS 420 STIHL Cutquik® Professional Cut-Off Machine","STIHL","","Engines","The TS 420 STIHL Cutquik® cut-off machine — one of the best we've ever built. Helping you work longer and more comfortably, this cut-off machine comes with a 14"" wheel, delivering a unique blend of performance and efficiency so you get the job done right. With the revolutionary X2 air filtration system , an anti-vibration system and lightweight design, you get low maintenance and more maneuverability. Its advanced engine technology also increases fuel efficiency and reduces emissions. | | NOTE: Abrasive wheel included. Diamond wheel (shown) sold separately.","images/stihl/ts420.jpg","https://billsequipment.mydomain.com/images/stihl/ts420.jpg","https://billsequipment.mydomain.com/stihl.htm","product","YES","1","active","YES","NO","850",""
"YES","93","BH 23 – Features and Benefits","Wacker","","Engines","Driven by a powerful tried and tested electric universal motor with protective insulation for connecting directly to the mains. | A specially designed protective hood, which is made of shock-resistant plastics, ensures excellent cooling of the motor as well as ensuring good noise suppression. | The vibration-damped handles and, in particular, the almost recoilless air-cushioned percussion system, ensure a practically vibration-free operation. | Thanks to the optimum spring mounting of the three operating handles and the complete engine protective hood this machine is suitable for long periods of operation.","images/wacker/bh23.jpg","https://billsequipment.mydomain.com/images/wacker/bh23.jpg","https://billsequipment.mydomain.com/wacker.htm","product","YES","1","active","YES","NO","860",""
"YES","93","BTS 1030 – Features and Benefits","Wacker","","Engines","The units are driven by fully encapsulated, air-cooled two-stroke petrol engines with electronically controlled ignition systems. Designed for excellent combustion performance, low fuel consumption and lower emission values. | A three-stage foam pre-filter, a paper lamellar filter and a nylon filter protect the machines from dust. | A special decompression valve in connection with an ""Off-On-Choke"" switch makes starting the engine easy. | The handle position and the vibration damping - separation of oscillating and static mass - were developed in close cooperation with the Fraunhofer-Gesellschaft institute. | The aluminum protective hood, the high capacity plastic tank with its twin-skinned bottom, the new belt tensioning system with correct tension display and which can be adjusted without tools plus the easy remounting of the disc from a central to an outer position.","images/wacker/bts1030.jpg","https://billsequipment.mydomain.com/images/wacker/bts1030.jpg","https://billsequipment.mydomain.com/wacker.htm","product","YES","1","active","YES","NO","870",""
"YES","93","Wacker Engine","Wacker","","Engines","BTS 930 – Features and Benefits | The units are driven by fully encapsulated, air-cooled two-stroke petrol engines with electronically controlled ignition systems. Designed for excellent combustion performance, low fuel consumption and lower emission values. | A three-stage foam pre-filter, a paper lamellar filter and a nylon filter protect the machines from dust. | A special decompression valve in connection with an ""Off-On-Choke"" switch makes starting the engine easy. | The handle position and the vibration damping - separation of oscillating and static mass - were developed in close cooperation with the Fraunhofer-Gesellschaft institute. | The aluminum protective hood, the high capacity plastic tank with its twin-skinned bottom, the new belt tensioning system with correct tension display and which can be adjusted without tools plus the easy remounting of the disc from a central to an outer position.","images/wacker/bts%20930.jpg","https://billsequipment.mydomain.com/images/wacker/bts%20930.jpg","https://billsequipment.mydomain.com/wacker.htm","product","YES","1","active","YES","NO","880",""
"YES","93","Wacker Engine","Wacker","","Engines","EH 27 – Features and Benefits | Driven by the powerful, reliable and tested, low emission WACKER 2-stroke petrol engine WM 80. A distinguishing feature is the low fuel consumption. | Easy-to-start thanks to incorporated centrifugal clutch and an easy-to-operate carburetor. A specially designed protective hood, which is made of shock-resistant plastics, ensures excellent cooling of the engine as well as good noise suppression. The operator is fully protected against inadvertent with live power lines or similar. The excellent vibration-damping of the operating handles provide excellent operator comfort and long operating times. Central greasing point - fast and simple on-site lubrication with a small hand-held grease gun. Integrated, large-capacity fuel tank allows for long, uninterrupted working periods. Economical to use.","images/wacker/eh27.jpg","https://billsequipment.mydomain.com/images/wacker/eh27.jpg","https://billsequipment.mydomain.com/wacker.htm","product","YES","1","active","YES","NO","890",""
"YES","100","EG2500","Honda","EG2500","Generators","Thanks to Honda’s legendary OHV commercial grade engine and superior alternator components, the Honda generator can provide quality power and performance required in commercial applications. This generator is housed in a protective tube frame and offers commercial grade toughness at a value price. Commonly used on job sited for basic power requirements while operating professional saws and drills.","images/honda/eg2500-150.gif","https://billsequipment.mydomain.com/images/honda/eg2500-150.gif","https://billsequipment.mydomain.com/honda.htm","product","YES","1","active","YES","NO","900",""
"YES","100","Yamaha EF1000","Honda","EF1000","Generators","The EF1000 is the most popular Yamaha generator — and no wonder. It's extremely quiet and offers 120V AC and 12V DC — that's why it's a real hit with all types of outdoor adventurers. The EF1000 is small, easy to carry and can run a microwave, washing machine or small refrigerator. This quiet generator can run for over six hours without refueling. It delivers 1000 watts of maximum AC output with outstanding fuel efficiency. Built-in handle makes carrying a snap. Includes 12-volt DC output with protector for charging 12-volt batteries at 10-amp charge rate (charge cables included).","images/honda/ef1000.gif","https://billsequipment.mydomain.com/images/honda/ef1000.gif","https://billsequipment.mydomain.com/honda.htm","product","YES","1","active","YES","NO","910",""
"YES","100","Yamaha EF12000DE","Honda","EF12000DE","Generators","With 50 amps and 120/240 dual voltage output, there's not much the EF12000DE can't handle during a power outage. The EF12000DE is our highest output gasoline-powered 120/240-volt output generator — and it can be converted to run on propane or LP gas. It uses a twin-cylinder 653cc, 4-stroke, OHV engine to deliver 12,000 watts maximum AC output with outstanding fuel efficiency. It provides over 10 hours of continuous, super-quiet operation without refueling to power up super-heavy-load equipment like air compressors, table saws, and more.","images/honda/ef12000.gif","https://billsequipment.mydomain.com/images/honda/ef12000.gif","https://billsequipment.mydomain.com/honda.htm","product","YES","1","active","YES","NO","920",""
"YES","100","Yamaha EF4600DE","Honda","EF4600DE","Generators","The EF4600DE is a true workhorse — and it represents a genuine value. This is the lowest-priced full-feature generator that is capable of running multiple appliances all at once. In addition, it can be converted to run on propane or LP gas — that makes it appealing to cabin owners. The electric-starting EF4600DE (with automatic choke and recoil backup) uses a 301cc, 4-stroke, OHV engine to deliver full-time dual-voltage (120/240V) power for over 10 hours of continuous running on a tank of gas. Fuel-saving automatic idle control lowers engine speed when generator is at no load.","images/honda/ef4600.gif","https://billsequipment.mydomain.com/images/honda/ef4600.gif","https://billsequipment.mydomain.com/honda.htm","product","YES","1","active","YES","NO","930",""
"YES","100","Yamaha EF6600DE","Honda","EF6600DE","Generators","When your customer wants a lot of power, then the EF6600DE is a logical choice. It's capable of running most homes in an emergency situation... and it can be converted to run on propane or LP gas. The EF6600DE has the same exterior dimensions as the EF4600DE, yet it delivers 2,000 watts more power. The EF6600DE uses a 357cc, 4-stroke, OHV engine to produce serious, full-time dual-voltage power to take on heavy-load tasks like air conditioners and refrigerators. This generator provides 8.3 hours of continuous operation without refueling. And its electric starter ensures hassle-free starting.","images/honda/ef6600.gif","https://billsequipment.mydomain.com/images/honda/ef6600.gif","https://billsequipment.mydomain.com/honda.htm","product","YES","1","active","YES","NO","940",""
"YES","100","BLW-400SS","Multiquip","BLW-400SS","Generators","Multiquip's full-featured, engine-driven welder/generator lines are ideal for an astounding number of job site applications. | | This rugged diesel-powered combination welder/generator can draw AC power and serve as a welder simultaneously because it sparks up to 400 amps as a welder and 14kW as a generator (single phase). A 31-horsepower Kubota V1205 engine powers the which continues to give operators the smoother arc characteristics and more consistent, quality welds they desire.","images/multiquip/BLW-400SSW.gif","https://billsequipment.mydomain.com/images/multiquip/BLW-400SSW.gif","https://billsequipment.mydomain.com/multiquip.htm","product","YES","1","active","YES","NO","950",""
"YES","100","GLW-180H","Multiquip","GLW-180H","Generators","Multiquip’s full-featured, engine-driven welder/generator lines have weather-resistant housings and are suitable for a wide variety of outdoor applications. | | This Honda-powered combination welder/generator is ideal for job-site and remote-area service applications. The durable produces 50-180 amps as a welder and 4.5kW as a generator (single phase) and features a number of technical advances. The operator can draw AC power and weld simultaneously. An 11-horsepower Honda GX340 gasoline engine powers the .","images/multiquip/glw180.gif","https://billsequipment.mydomain.com/images/multiquip/glw180.gif","https://billsequipment.mydomain.com/multiquip.htm","product","YES","1","active","YES","NO","960",""
"YES","100","SDW-225SS","Multiquip","SDW-225SS","Generators","Not every welder/generator offers simultaneous AC/DC operation. | | But the does! It operates as a 6kW generator and 225-amp welder and is ideally suited for SMAW, FCAW, GMAW, GTAW and ACAC welding processes. Powered by a 12-horsepower Kubota Z482 diesel engine, the is a brushless machine with a weather-resistant housing making it suitable for numerous applications. The welder/generator regulates voltage at 2 percent.","images/multiquip/SDW225ss1.gif","https://billsequipment.mydomain.com/images/multiquip/SDW225ss1.gif","https://billsequipment.mydomain.com/multiquip.htm","product","YES","1","active","YES","NO","970",""
"YES","100","TLW-300SS","Multiquip","TLW-300SS","Generators","Power, accuracy and efficiency aren’t the only things to consider when picking a welder. Noise levels shouldn’t be overlooked. | | Multiquip’s is one of the quietest welder/generators available emitting an impressive 65dBA at 23 feet. The unit produces up to 300 amps as a welder and 10.5 kW as a generator and is fueled by a 19-horsepower Kubota D722 diesel engine. Voltage regulation is maintained at 1.5 percent and standard features include safety shutdowns, and external water, oil and fuel drains.","images/multiquip/TLW-300SS.gif","https://billsequipment.mydomain.com/images/multiquip/TLW-300SS.gif","https://billsequipment.mydomain.com/multiquip.htm","product","YES","1","active","YES","NO","980",""
"YES","93","G 2.5A","Wacker","","Generators","Portable Generator, 2.5kVA, 60Hz | Portable power, when and where you need it | High performance portable generators to fit your job and budget. WACKER generators are built for construction, industrial, commercial, domestic and farm applications. They feature a heavy-duty, lightweight compact frame that provides jobsite protection while reducing storage space requirements. A central eye can accommodate a 3in/75mm hook for easy lifting.","images/wacker/g25.gif","https://billsequipment.mydomain.com/images/wacker/g25.gif","https://billsequipment.mydomain.com/wacker.htm","product","YES","1","active","YES","NO","990",""
"YES","93","G 25","Wacker","","Generators","Mobile generator skid mounted | Application | Heavy-duty, compact, sound-attenuated generators designed to provide single and three phase power for construction, commercial, and industrial applications where reliable power is needed.","images/wacker/g25mobile.gif","https://billsequipment.mydomain.com/images/wacker/g25mobile.gif","https://billsequipment.mydomain.com/wacker.htm","product","YES","1","active","YES","NO","1000",""
"YES","93","Wacker Generator","Wacker","","Generators","G 50 | Mobile generator skid mounted | Application | Heavy-duty, compact, sound-attenuated generators designed to provide single and three phase power for construction, commercial, and industrial applications where reliable power is needed.","images/wacker/g50mobile.gif","https://billsequipment.mydomain.com/images/wacker/g50mobile.gif","https://billsequipment.mydomain.com/wacker.htm","product","YES","1","active","YES","NO","1010",""
"YES","93","Wacker Generator","Wacker","","Generators","G 5.6A | 60Hz Portable Generator | Portable power, when and where you need it | High performance portable generators to fit your job and budget. WACKER generators are built for construction, industrial, commercial, domestic and farm applications. They feature a heavy-duty, lightweight compact frame that provides jobsite protection while reducing storage space requirements. A central eye can accommodate a 3in/75mm hook for easy lifting.","images/wacker/g56.gif","https://billsequipment.mydomain.com/images/wacker/g56.gif","https://billsequipment.mydomain.com/wacker.htm","product","YES","1","active","YES","NO","1020",""
"YES","93","Ideal for","EDCO","","Mortar & Plaster Equipment","Scarifier Assemblies are high carbon steel cutter assemblies in steel cases. | - Standard cutters last 3 to 6 hours | - Heavy-duty cutters last 8 to 12 hours | : | *Breaking up hard surfaced deposits of oil-dri, fiberglass, grout or plaster | *Removing concrete buildup | *Leveling brick or wood block floors | *Initial grinding of rough, broom-finished concrete | *Preparing surfaces for overlayments | *Tile floors | *Texturing slippery floors","images/edco/scarifierassemblies.jpg","https://billsequipment.mydomain.com/images/edco/scarifierassemblies.jpg","https://billsequipment.mydomain.com/edco.htm","product","YES","1","active","YES","NO","1030",""
"YES","93","Ideal for","EDCO","","Mortar & Plaster Equipment","The Surfacer Disc assembly is easily assembled for heavy-duty surface build-up removal. The cutter wheels can be positioned to meet removal needs. | | Removal of industrial build-ups, tar, rubber, fiberglass, grout or plaster | Roughening concrete | Grinding asphalt","images/edco/surfacerdisc.jpg","https://billsequipment.mydomain.com/images/edco/surfacerdisc.jpg","https://billsequipment.mydomain.com/edco.htm","product","YES","1","active","YES","NO","1040",""
"YES","100","M-60, M-80, M-90, M120/121 | Models Available","MBW","M-60","Mortar & Plaster Equipment","Often viewed as a commodity, lower production cost is usually seen as the over-riding goal in mortar mixer manufacturing. It shows ­ overall mortar mixer quality and life have been deteriorating for the last 20 years. MBW has chosen the less traveled, higher ground; we have not sacrificed mixer quality. You may pay a little more for a MBW Mortar Mixer, but the returns in lower maintenance and longer life are worth consideration. We're so confident in the superiority of MBW's mixers that we simply encourage you to take a look and draw your own conclusions. Here's a short list of things to compare: paddle shaft and clamping design, bearing capacity, trunion and pillow block quality, frame strength, drive gears, belt tension mechanism, drum latch/lock system, drum and grill weldments, engine shroud, front leg design, material types and gauge throughout the mixer. | MBW's latest addition... the MM121 Hydraulic Mixer. This completion to the mixer line was created with the goals of high production performance, producing less user fatigue and a longer lasting product that requires less maintenance. The final components chosen for this mixer include high torque output motor and a manually operated valve block for controlling the motor and dumping cylinder. The performance of the Hydraulic Mixer is close to that of the MM120 Gearbox Mixer, while providing the added benefits of a powered dump system and a reversible motor. Other features included are a suction strainer and a return line filter to protect the hydraulic system, a 15-gallon capacity in the oil tank to keep temperatures down, and the same torsion axle as the MM120 to provide smooth towing. The MM121 features redesigned paddles which are set at 45°, rather than 55° as they are on the current mixers. The new paddles will reduce torque requirement of the main shaft while not compromising the mixing performance.","images/mbw/mixer_a.jpg","https://billsequipment.mydomain.com/images/mbw/mixer_a.jpg","https://billsequipment.mydomain.com/mbw.htm","product","YES","1","active","YES","NO","1050",""
"YES","100","Mayco Plaster/Mortar/Fireproofing (MG-30)","Multiquip","MG-30","Mortar & Plaster Equipment","Mayco's MG-30 is a dependable, built-to-last workhorse that exceeds your plaster and fireproofing expectations. | | The MG-30 is ideal for applications including high-production placement of exterior stucco, sand/cement exterior basecoat, gypsum plaster and lightweight aggregate, interior basecoat plaster, and pool plaster Pebble-Tec. It is available as a pump only unit or a combination pump and mixer both mounted on the same trailer. The mixer is driven by an 8.5-HP Hatz diesel engine. For high-volume fireproofing applications, the pump stroke quickly and easily converts to long stroke.","images/multiquip/mg30.gif","https://billsequipment.mydomain.com/images/multiquip/mg30.gif","https://billsequipment.mydomain.com/multiquip.htm","product","YES","1","active","YES","NO","1060",""
"YES","100","Plaster/Mortar Mixer (EM-120SM-E51)","Multiquip","EM-120SM-E51","Mortar & Plaster Equipment","For those who are not big fans of hydraulic drive mixers, Essick’s plaster/mortar mixers are also offered as mechanical drive units. | | The EM-120SM-E51 mixes 12-cubic feet (340 liters) of material and is powered by a 230/460V single-phase electric motor. This mechanical drive mixer is reliable, easy to maintain and it is fit for practically every application imaginable. The EM-120SM-E51 features a drive gear and multiple disc clutch immersed in oil and fully protected for long, trouble-free life. The mixer is effective with larger, stiffer mixes and the drive system eliminates wear components like V-belts, external gears and pulleys.","images/multiquip/em-120s.gif","https://billsequipment.mydomain.com/images/multiquip/em-120s.gif","https://billsequipment.mydomain.com/multiquip.htm","product","YES","1","active","YES","NO","1070",""
"YES","93","Cyclone 488 XR","Spray Force","","Mortar & Plaster Equipment","The 's hydraulic drive allows for infinite speed control for your various pumping requirements. You can dial in any speed that you require. The is an extremely versatile machine that can pump acoustic, drywall texture, fireproofing, grout, sand/finish color plaster and EIFS materials.","images/sprayforce/cyclone-488-xr-hopper-3.jpg","https://billsequipment.mydomain.com/images/sprayforce/cyclone-488-xr-hopper-3.jpg","https://billsequipment.mydomain.com/sprayforce.htm","product","YES","1","active","YES","NO","1080",""
"YES","93","Spray Force Engine","Spray Force","","Mortar & Plaster Equipment","The Super Texan | The Super Texan is designed for small jobs. It is equipped with a 2L3 Rotor-Stator Pump that can pump 5 Gallons per minute (based on water) The polegun is air controlled and the engine is a rope start. The Super Texan is versatile and can pump drywall texture, sand finish, fireproofing, acoustic, finish coat for traditional plaster and many other highly viscous and abrasive materials. However, the lack of speed control limits its use in many applications. An optional by-pass valve is available for use when pumping drywall texture only.","images/sprayforce/texan.gif","https://billsequipment.mydomain.com/images/sprayforce/texan.gif","https://billsequipment.mydomain.com/sprayforce.htm","product","YES","1","active","YES","NO","1090",""
"YES","100","Mortar Mixer - 1285pm Gas","Stone","B78","Mortar & Plaster Equipment","Reliable Totally Enclosed Drive | 12 cu. ft., 3 to 4 bag capacity | 56"" axle/cantilever springs/safety chain. | High speed B78 x 13 (25"" dia.) turnpike tires. | Patented ""Power Blend"" mixing action. | Optional curved steel blades for plaster and fireproofing. | Lift away safety guard. | Exclusive full year warranty (limited) on totally enclosed gear drive.","images/stonemixers/1285pm.jpg","https://billsequipment.mydomain.com/images/stonemixers/1285pm.jpg","https://billsequipment.mydomain.com/stone.htm","product","YES","1","active","YES","NO","1100",""
"YES","100","1/2"" High-Speed Drill","Bosch","1033VSR","Power Tools","Model 1033VSR | Features: | *8.0 Amp all ball bearing motor, 0-850 RPM | *Heavy duty, keyed chuck | *Variable speed, soft grip trigger, with reversing switch - For greater control | *Two finger trigger design and lock-on button - For *ease of operation | *Ergonomic handle with soft grip - For increased comfort | *Precision cut steel gears | *Magnesium front housing - For increased durability | *Extra long 8' rubber cord with 3-prong grounded plug | *360° auxiliary handle with optional depth gauge","images/bosch/1033VSR.jpg","https://billsequipment.mydomain.com/images/bosch/1033VSR.jpg","https://billsequipment.mydomain.com/bosch.htm","product","YES","1","active","YES","NO","1610",""
"YES","100","1/2"" High-Torque Drill","Bosch","1034VSR","Power Tools","Model 1034VSR | Features: | *8.0 Amp all ball bearing motor, 0-550 RPM | *Heavy duty, keyed chuck | *Variable speed, soft grip trigger, with reversing switch - For greater control | *Two finger trigger design and lock-on button - For ease of operation | *Ergonomic handle with soft grip - For increased comfort | *Precision cut steel gears | *Magnesium front housing - For increased durability | *Extra long 8' rubber cord with 3-prong grounded plug | *360° auxiliary handle with optional depth gauge","images/bosch/1034VSR.jpg","https://billsequipment.mydomain.com/images/bosch/1034VSR.jpg","https://billsequipment.mydomain.com/bosch.htm","product","YES","1","active","YES","NO","1620",""
"YES","100","1-9/16"" Spline Combination Hammer","Bosch","11248EVS","Power Tools","Model 11248EVS | Features: | *Spline/round hex bit system - tool-free bit changes, with automatic bit locking | *Auto-Max® dial - variable speed dial designed to automatically insure the maximum speed and power every time the tool is plugged in | *Constant Responseâ„¢ Circuitry - Provies soft-start, maintains constant speed under load, provides overload protection | *""Combination"" dual mode selector - 2 modes of operation, rotary hammer and hammer only mode | *TurboTM Power - delivers 20% more power in hammer only mode | *Service Minder TM light - indicates when preventative maintenance is required | *Power light - ensures operator that power feed is on | *Vario-LockTM positioning - rotates and locks chisel into 12 different positions to optimize working angle | *Patented cord turret - provides added flexibility and reduces cord wear | *Vibration dampening handle - reduces vibration up to 40%, providing uncompromising user comfort for extended periods of work","images/bosch/11248EVS.jpg","https://billsequipment.mydomain.com/images/bosch/11248EVS.jpg","https://billsequipment.mydomain.com/bosch.htm","product","YES","1","active","YES","NO","1630",""
"YES","100","7"" Large Angle Grinder","Bosch","1752G7","Power Tools","Model 1752G7 | Features: | *15 Amps, 6,000 RPM | *Lock-on/off switch - for extended use applications | *AC/DC capability - extends the versatility of the tool by working from DC outlets such as welders and generators | *Reinforced armature windings - protects the motor against abrasive dust and metal debris | *Service MinderTM brushes - eliminates guesswork, stops the tool when preventive maintenance is required | *5/8"" - 11 Spindle - wide flexibility for mounting most popular accessories | *Spindle lock - for quick wheel changes | *Precision spiral bevel gears - quality engineering and construction for smooth power transmission | *3-Position auxiliary handle - specifically designed for multiple hand positions, provides maximum versatility and control | *Double Insulated, UL listed, complies to OSHA","images/bosch/1752G7_01.jpg","https://billsequipment.mydomain.com/images/bosch/1752G7_01.jpg","https://billsequipment.mydomain.com/bosch.htm","product","YES","1","active","YES","NO","1640",""
"YES","100","9"" Large Angle Grinder","Bosch","1754G","Power Tools","Model 1754G | Features: | *15 Amps, 6,000 RPM | *Exclusive rotating handle design - rotates in either direction for hard to reach locations | *Lock-on/off switch - for extended use applications | *AC/DC capability - Extends the versatility of the tool by working from DC outlets such as welders and generators | *Reinforced armature windings - Protects motor against abrasive dust and metal debris | *Service MinderTM brushes - Eliminates guesswork, stops the tool when preventive maintenance is required | *5/8"" - 11 Spindle - Wide flexibility for mounting most popular accessories | *3-Position side handle - specifically designed for multiple hand positions, provides maximum versatility and control | *Spindle lock - for quick wheel changes | *Ergonomic design - slim handle for a comfortable fit, with on-handle switch for easy operation","images/bosch/1754G_01.jpg","https://billsequipment.mydomain.com/images/bosch/1754G_01.jpg","https://billsequipment.mydomain.com/bosch.htm","product","YES","1","active","YES","NO","1650",""
"YES","100","SDS-max® Demolition Hammer","Bosch","11318EVS","Power Tools","Model 11318EVS | Features: | *SDS-max® bit system - tool-free bit changes with automatic bit locking, dust protection and maximum impact energy transfer rate | *Auto-Max® dial - variable speed dial designed to automatically insure the maximum speed and power every time the tool is plugged in | *Constant ResponseTM Circuitry - Provides soft-start, maintains constant speed under load, provides overload protection | *Service MinderTM light - indicates when preventative maintenance is required | *Power light - ensures operator that power feed is live | *Vario-LockTM positioning - rotates and locks chisel into 12 different positions to optimize working angle | *Innovative service modules - designed so a qualified service technician can quickly replace the brushes and cord | *Patented cord turret - provides added flexibility and reduces cord wear | *Vibration dampening handle - reduces vibration up to 40%, providing uncompromising user comfort for extended periods of work | *Grounded design, UL listed, complies to OSHA","images/bosch/11318EVS.jpg","https://billsequipment.mydomain.com/images/bosch/11318EVS.jpg","https://billsequipment.mydomain.com/bosch.htm","product","YES","1","active","YES","NO","1660",""
"YES","100","SDS-max® Demolition Hammer","Bosch","11316EVS","Power Tools","Model 11316EVS | Features: | *SDS-max® bit system - tool-free bit changes with automatic bit locking, dust protection and maximum impact energy transfer rate | *Variable-speed dial - for controlled chipping applications | *Constant ResponseTM Circuitry - Provides soft-start, maintains constant speed under load, provides overload protection | *Service MinderTM light - indicates when preventative maintenance is required | *Vario-LockTM positioning - rotates and locks chisel into 12 different positions to optimize working angle | *Padded rear handle - absorbs shock for operator comfort | *360° Auxiliary handle - provides a wide range of movement along with operator comfort | *Double insulated, UL listed, complies to OSHA","images/bosch/11316EVS.jpg","https://billsequipment.mydomain.com/images/bosch/11316EVS.jpg","https://billsequipment.mydomain.com/bosch.htm","product","YES","1","active","YES","NO","1670",""
"YES","93","Ideal for","EDCO","","Power Tools","Features | *Will grind appox. 350-500 Sq. ft/hr at 1/32"" with EDCO Dyma-Serts. | *22"" working width | *Gas, electric & propane power options available | *Includes 2 multi-accessory discs, which accept Dyma-Serts, Strip-Serts and all other grinder accessories | *Counter-rotating discs prevent machine from pulling side to side - and give operator greater control | *6 grinding accessories required per loading | | | *Large or small areas | *Light grinding or cleaning of concrete surfaces | *Leveling uneven joints | *Removing mastics, thin-set, high spots, epoxies and urethanes | *Lightly texturing slippery concrete surfaces","images/edco/2gc.jpg","https://billsequipment.mydomain.com/images/edco/2gc.jpg","https://billsequipment.mydomain.com/edco.htm","product","YES","1","active","YES","NO","1680",""
"YES","93","9069 - 9"" Angle Grinder","Makita","","Power Tools","Features | *15 AMP motor delivers more output power for increased performance | *6,600 RPM for fast stock removal and high production efficiency | *Large trigger switch for easy operation; lock-on feature | *Labyrinth construction seals motor and bearings from contamination | *Switch handle can be rotated either 90° left or right | *Automatic brush cut-out system | *Double insulated | | | 9069 - 9""","images/makita/9069_m.gif","https://billsequipment.mydomain.com/images/makita/9069_m.gif","https://billsequipment.mydomain.com/makita.htm","product","YES","1","active","YES","NO","1690",""
"YES","93","9527NB - 4-1/2"" Angle Grinder","Makita","","Power Tools","9527NB | ! | | | Labyrinth Construction Protects Against Contamination | | Features | *Small circumference barrel grip for easy handling | *Powerful 6.4 AMP motor | *Switch is located on top of the motor housing | *Spindle lock for easy wheel changes | * Side handle can be installed on either side of tool for operator convenience","images/makita/9527nb_m.gif","https://billsequipment.mydomain.com/images/makita/9527nb_m.gif","https://billsequipment.mydomain.com/makita.htm","product","YES","1","active","YES","NO","1700",""
"YES","100","HP2010N - 3/4"" Hammer Drill (2-Speed, Variable Speed, Reversible)","Makita","HP2010N","Power Tools","HP2010N | ! | | | Industrial Metal Gear Housing for Long Lasting Durability | | Features | *2-speed gear change for ideal speed and power | *Variable speed switch for easy starting of holes | * Depth gauge for ""drop-in"" type anchors | *Powerful 6 AMP motor for continuous use | *All ball and needle bearings for long tool life | *Adjustable side handle for greater control | *Double insulated","images/makita/hp2010n_m.gif","https://billsequipment.mydomain.com/images/makita/hp2010n_m.gif","https://billsequipment.mydomain.com/makita.htm","product","YES","1","active","YES","NO","1710",""
"YES","100","HR3851 - 1-1/2"" Rotary Hammer (Spline, AC/DC)","Makita","HR3851","Power Tools","HR3851 | ! | | | Air Cushion Design for Hard Hitting and Fast Drilling | | Features | *All ball and needle bearings for longer tool life | *Powerful 10 AMP motor for continuous heavy duty work | *Torque limiting clutch | *Easy lever change from ""rotary hammering"" to ""hammering only"" | *Automatic brush cutoff to advise maintenance schedule and to protect motor | *""Spline"" type drive system for maximum power | F*actory grease packed for reduced maintenance","images/makita/hr3851_m.gif","https://billsequipment.mydomain.com/images/makita/hr3851_m.gif","https://billsequipment.mydomain.com/makita.htm","product","YES","1","active","YES","NO","1720",""
"YES","100","HR5000 - 2"" Rotary Hammer (Spline, AC/DC)","Makita","HR5000","Power Tools","Air Cushion Design for Hard Hitting and Fast Drilling | | Features | *All ball and needle bearings for longer tool life | *Powerful 11 AMP motor for heavy duty use | *Torque limiting clutch | *""Spline"" type drive system for maximum power | *Easy lever change from ""hammering only"" or ""rotation with hammering"" | *Automatic brush cut-out system to protect motor | *Large comfortable grip swivels 360° for easy handling | * Factory grease packed for reduced maintenance","images/makita/hr5000_m.gif","https://billsequipment.mydomain.com/images/makita/hr5000_m.gif","https://billsequipment.mydomain.com/makita.htm","product","YES","1","active","YES","NO","1730",""
"YES","93","11 Amp Orbital Action Super Sawzall | (6521-21)","Milwaukee","","Power Tools","Orbital action has been added to the heavy duty 11 amp Super Sawzall® Reciprocating Saw for even more aggressive cutting applications in wood. The orbital action selector allows the user to set the degree of orbital action for faster cutting in thick materials. This tool incorporates the patented gear protection system which absorbs high impact forces caused by sudden blade lock-up thereby extending the life of the tool even under the most extreme cutting conditions. The patented counter balance mechanism makes the Super Sawzall the smoothest operating, most vibration free saw in the world. Trigger speed control allows the operator to match the speed of the tool to the application. The new heavy duty steel Quik-Lok™ blade clamp system enables the user to change blades fast and easy without the use of a hex wrench.","images/milwaukee/6521-21.jpg","https://billsequipment.mydomain.com/images/milwaukee/6521-21.jpg","https://billsequipment.mydomain.com/milwaukee.htm","product","YES","1","active","YES","NO","1740",""
"YES","93","4-1/2 in. Sander/Grinder (6140-6)","Milwaukee","","Power Tools","The 6140-6 4-1/2 inch 5.5 amp grinder is ideal for getting into tight spaces where other grinders can not. Its low profile and light weight make it perfect for those lighter duty sanding and grinding projects. The tool is double insulated (two prong cord) and incorporates the industry standard 5/8-11 threaded arbor. Like its heavy duty big brothers, it also has spiral bevel gears for optimum transmission of torque to the work piece. The comfortable body grip style is easy to hold onto, and in conjunction with the supplied side handle, allows for maximum operator control. The side handle can be attached in three locations. The wheel guard can be moved around the spindle (without the use of tools) for greatest operator protection. Sold as a grinder with guard, this tool can be used as a sander when a 4-1/2 inch backing pad and disc are attached.","images/milwaukee/6140-6.jpg","https://billsequipment.mydomain.com/images/milwaukee/6140-6.jpg","https://billsequipment.mydomain.com/milwaukee.htm","product","YES","1","active","YES","NO","1750",""
"YES","93","5 in. Sander/Grinder","Milwaukee","","Power Tools","For those who want a bit more time between wheel changes and have a bit more room to work, the 6141 5 inch 5.5 amp grinder offers solutions to limited space grinding. Its low profile and light weight make it perfect for those lighter duty sanding and grinding projects. The tool is double insulated (two prong cord) and incorporates the industry standard 5/8-11 threaded arbor. Like its heavy duty big brothers, it also has spiral bevel gears for optimum transmission of torque to the work piece. The comfortable body grip style is easy to hold onto, and in conjunction with the supplied side handle, allows for maximum operator control. The side handle can be attached in three locations. The wheel guard can be moved around the spindle (without the use of tools) for greatest operator protection. Sold as a grinder with guard, this tool can be used as a sander when a 5 inch backing pad and disc are attached.","images/milwaukee/6141.jpg","https://billsequipment.mydomain.com/images/milwaukee/6141.jpg","https://billsequipment.mydomain.com/milwaukee.htm","product","YES","1","active","YES","NO","1760",""
"YES","93","Adjustable Position Electromagnetic Drill Press with No. 3 MT Motor | (4208-1)","Milwaukee","","Power Tools","This combination unit features the 4203 adjustable position, variable speed base and the 4297-1 1-1/4 in. drill motor. All you need is a bit and you are ready to drill into any ferrous material 1/2 in. and thicker.","images/milwaukee/4208-1.jpg","https://billsequipment.mydomain.com/images/milwaukee/4208-1.jpg","https://billsequipment.mydomain.com/milwaukee.htm","product","YES","1","active","YES","NO","1770",""
"YES","93","Adjustable Position Electromagnetic Drill Press with No. 3 MT Motor | (4209-1)","Milwaukee","","Power Tools","This combination unit features the 4203 adjustable position, variable speed base and the 4292-1 1-1/4 in. drill motor. All you need is a bit and you are ready to drill into any ferrous material 1/2 in. and thicker.","images/milwaukee/4209-1.jpg","https://billsequipment.mydomain.com/images/milwaukee/4209-1.jpg","https://billsequipment.mydomain.com/milwaukee.htm","product","YES","1","active","YES","NO","1780",""
"YES","93","Fixed Position Electromagnetic Drill Press with 3/4 in. Motor | (4210-1)","Milwaukee","","Power Tools","This combination unit features the 4202 fixed position variable speed base and the 4262-1 3/4 in. drill motor. All you need is a bit and you are ready to drill into any ferrous material 1/2 in. and thicker.","images/milwaukee/4210-1.jpg","https://billsequipment.mydomain.com/images/milwaukee/4210-1.jpg","https://billsequipment.mydomain.com/milwaukee.htm","product","YES","1","active","YES","NO","1790",""
"YES","93","Milwaukee 10 Amp Sawzall® Reciprocating Saw w/Case (6509-21)","Milwaukee","","Power Tools","Milwaukee's 10 amp Sawzall® Reciprocating Saw is the most durable reciprocating saw on the market, and at only 7 pounds, it offers the best power to weight ratio in its class. The saw offers a 0-2800 strokes per minute variable speed trigger with 3/4 in. stroke length and a Quik-Lok™ blade clamp for fast, tool-less blade changes. The rubber boot provides superior gripping, and the adjustable shoe provides longer blade life and more cut control. The blades can even be clamped upside down for special cutting needs.","images/milwaukee/6509-22.jpg","https://billsequipment.mydomain.com/images/milwaukee/6509-22.jpg","https://billsequipment.mydomain.com/milwaukee.htm","product","YES","1","active","YES","NO","1800",""
"YES","90","MODEL-2001","NED Corp","2001","Power Tools","NED’s Model 2001 Drill Rig is designed and built for years of trouble free service. With the industry’s largest column for its class it provides maximum rigidity for straight, accurate wet drilling of holes up to 10"" in diameter standard. Holes up to 14"" can be drilled using optional motor spacer blocks.","images/nedcorp/drillrig_2001.jpg","https://billsequipment.mydomain.com/images/nedcorp/drillrig_2001.jpg","https://billsequipment.mydomain.com/nedcorp.htm","product","YES","1","active","YES","NO","1810",""
"YES","90","MODEL-3001","NED Corp","3001","Power Tools","NED's Model 3001 extra heavy duty drill rig is designed for tough wet drilling jobs where a larger diameter and/or extra height capacity is required.","images/nedcorp/drillrig_3001.jpg","https://billsequipment.mydomain.com/images/nedcorp/drillrig_3001.jpg","https://billsequipment.mydomain.com/nedcorp.htm","product","YES","1","active","YES","NO","1820",""
"YES","90","MODEL-4001","NED Corp","MODEL-4001","Power Tools","The 4001 Hand Held Core Drill is the most powerful hand-held drilling machine. The 3-speed 4001 is fast and efficient in drilling holes in walls, floors, and ceilings. The 4001 Hand Held Core Drill is designed for a variety of materials, including Concrete, Reinforced Concrete, Brick, Stone, Block, Chemical Anchors, and Wedge Anchors.","images/nedcorp/hhdrill_2.jpg","https://billsequipment.mydomain.com/images/nedcorp/hhdrill_2.jpg","https://billsequipment.mydomain.com/nedcorp.htm","product","YES","1","active","YES","NO","1830",""
"YES","90","MODEL-5001","NED Corp","MODEL-5001","Power Tools","The 5001-2 Hand Held Pneumatic Core Drill is powerful and compact. Its 2.1 HP motor is ideal for cutting holes in walls floors or ceilings. It works with a variety of materials including concrete, brick, stone, block, reinforced concrete, chemical anchors and wedge anchors.","images/nedcorp/5001-2.jpg","https://billsequipment.mydomain.com/images/nedcorp/5001-2.jpg","https://billsequipment.mydomain.com/nedcorp.htm","product","YES","1","active","YES","NO","1840",""
"YES","93","The Saw Devil - CS1","Stone","","Power Tools","The Saw Devil CS1 is a lightweight push saw ideal for small flat cutting jobs such as floors and pavement patching and repair, expansion joint cutting, conduit channel cutting and a variety of other flat work. It accommodates 12"" and 14"" blades for a maximum depth cut of up to 4 5/8"".","images/stonemixers/cs1.jpg","https://billsequipment.mydomain.com/images/stonemixers/cs1.jpg","https://billsequipment.mydomain.com/stone.htm","product","YES","1","active","YES","NO","1850",""
"YES","93","The Saw Devil - CS2","Stone","","Power Tools","The Saw Devil CS2 is a heavy-duty push saw ideal for jobs requiring precision cutting including floors, pavements, walkways, ramps or any flat sawing application. It accommodates 12"", 14"", 16"", or 18"" blades for a maximum depth cut of up to 6 5/8"".","images/stonemixers/cs2.jpg","https://billsequipment.mydomain.com/images/stonemixers/cs2.jpg","https://billsequipment.mydomain.com/stone.htm","product","YES","1","active","YES","NO","1860",""
"YES","100","Bender (MB-25HD","Multiquip","MB-25HD","Rebar Cutters/Benders",") | To complement our line of quality rebar cutters, Multiquip brings you the industry's preferred rebar bender. | | The MB-25HD bends rebar up to 1 inch (2.5 cm) in diameter in mere seconds. This tool is easy to use, practically maintenance-free and comes with a standard foot switch for high-production bending. Driven by a 115V, single-phase electric motor, the MB-25HD is suitable for use in the shop or on the job site and its single knob control lets the operator select the precise bending angle up to 180 degrees. The rebar bender also has four built-in lifting handles and includes a tool kit.","images/multiquip/MB-25HD.gif","https://billsequipment.mydomain.com/images/multiquip/MB-25HD.gif","https://billsequipment.mydomain.com/multiquip.htm | https://billsequipment.mydomain.com/rebarcuttersbenders.htm","product","YES","1","active","YES","NO","1870",""
"YES","100","Cutter (BC-25","Multiquip","BC-25","Rebar Cutters/Benders",") | Squeeze a trigger and rebar is cut quickly and effectively. It's as simple as that with Multiquip's high performing rebar cutters. | | Driven by a 115V electric motor, the BC-25 can be bench mounted at the shop or used on site from the back of a pick-up truck. This rebar cutter is designed for the biggest jobs around, slicing rebar up to 1-inch thick (2.5 cm). The units parts are all machined to tight tolerances for optimum effectiveness and Multiquip guarantees its reliability by subjecting each rebar cutter to no-load and actual-load tests prior to delivery.","images/multiquip/BC-25.gif","https://billsequipment.mydomain.com/images/multiquip/BC-25.gif","https://billsequipment.mydomain.com/multiquip.htm | https://billsequipment.mydomain.com/rebarcuttersbenders.htm","product","YES","1","active","YES","NO","1880",""
"YES","100","HBC-series Cutter (HBC-19)","Multiquip","HBC-19","Rebar Cutters/Benders","Multiquip's rebar cutters let one operator slice rebar more efficiently than manual cutters, torches and saws. | | The hand-held HBC-19 cuts rebar up to 0.75-inches (2 cm) thick in 3 seconds with a 115V, 60 Hz single-phase motor. This rebar cutter has a built-in hydraulic pump with innovative magnetic particle filtering to ensure maximum performance. Our blades are manufactured from heat-treated, high-strength machine steel that is easily rotated for prolonged use and increased service life. The convenient HBC-19 weighs only 27 pounds (12 kg).","images/multiquip/Hbc-19.gif","https://billsequipment.mydomain.com/images/multiquip/Hbc-19.gif","https://billsequipment.mydomain.com/multiquip.htm | https://billsequipment.mydomain.com/rebarcuttersbenders.htm","product","YES","1","active","YES","NO","1890",""
"YES","93","RD 25","Wacker","","Rollers","Hydrostatic Vibratory Roller | Rollers offer easy maneuverability and high productivity. | WACKER's RD 15 and rollers feature a dual drum series hydraulic drive system for maximum traction. A twin cylinder diesel engine is fully enclosed for long life and quiet operation. Pressurized water sprinkler system provides positive drum lubrication on asphalt. Articulated steering ensures drums track directly for clean finishes.","images/wacker/rd25.gif","https://billsequipment.mydomain.com/images/wacker/rd25.gif","https://billsequipment.mydomain.com/rollers.htm | https://billsequipment.mydomain.com/wacker.htm","product","YES","1","active","YES","NO","1900",""
"YES","93","Wacker Roller","Wacker","","Rollers","RD 11A | Hydrostatic Double Drum Vibratory Roller | Versatile rollers provide excellent compaction results | WACKER's RD 11 roller series feature dual drum drive and articulated steering for extremely accurate control. The hydrostatic drive with infinitely variable forward and reverse operation and even accelerations and stops guarantees a smooth asphalt finish. Front drum vibration with static rear drum leaves excellent asphalt finish.","images/wacker/rd11a.gif","https://billsequipment.mydomain.com/images/wacker/rd11a.gif","https://billsequipment.mydomain.com/rollers.htm | https://billsequipment.mydomain.com/wacker.htm","product","YES","1","active","YES","NO","1910",""
"YES","93","Wacker Roller","Wacker","","Rollers","RD 7H | Double Drum Vibratory Roller | WACKER's multipurpose roller for excellent productivity | This walk-behind, double drum vibratory roller is capable of performing a wide range of soil and asphalt compaction applications. The exclusive compact design allows for tight side clearance on both sides of the roller. Plus the totally hydrostatic drive eliminates mechanical components providing for less maintenance and greater reliability.","images/wacker/rd7h.gif","https://billsequipment.mydomain.com/images/wacker/rd7h.gif","https://billsequipment.mydomain.com/rollers.htm | https://billsequipment.mydomain.com/wacker.htm","product","YES","1","active","YES","NO","1920",""
"YES","100","Americana 4-point Suspension | Meets ANSI z89.1, Type 1, Class C, E and G Requirements","ERB Safety","Z107","Safety Equipment","Hi-Viz Yellow and Hi-Viz Lime meet the chromaticity and luminance requirements for background material in ANSI Z107.","images/ERB/ERB hats 1.jpg","https://billsequipment.mydomain.com/images/ERB/ERB%20hats%201.jpg","https://billsequipment.mydomain.com/safetyequipment.htm","product","YES","1","active","YES","NO","1950",""
"YES","95","Economy - Class 2 (S363)","ERB Safety","S363","Safety Equipment","Economy - Class 2 (S362)","images/ERB/ERB vests_Economy - Class 2 S362.jpg","https://billsequipment.mydomain.com/images/ERB/ERB%20vests_Economy%20-%20Class%202%20S362.jpg","https://billsequipment.mydomain.com/safetyequipment.htm","product","YES","1","active","YES","NO","1960",""
"YES","95","Economy - Class 2 (S368)","ERB Safety","S368","Safety Equipment","","images/ERB/ERB vests_Economy - Class 2 S388.jpg","https://billsequipment.mydomain.com/images/ERB/ERB%20vests_Economy%20-%20Class%202%20S388.jpg","https://billsequipment.mydomain.com/safetyequipment.htm","product","YES","1","active","YES","NO","1970",""
"YES","88","ERB Safety Safety Glasses","ERB Safety","","Safety Equipment","","images/ERB/ERB glasses 11.jpg","https://billsequipment.mydomain.com/images/ERB/ERB%20glasses%2011.jpg","https://billsequipment.mydomain.com/safetyequipment.htm","product","YES","1","active","YES","NO","1980",""
"YES","88","ERB Safety Safety Glasses","ERB Safety","","Safety Equipment","","images/ERB/ERB glasses 4.jpg","https://billsequipment.mydomain.com/images/ERB/ERB%20glasses%204.jpg","https://billsequipment.mydomain.com/safetyequipment.htm","product","YES","1","active","YES","NO","1990",""
"YES","88","ERB Safety Safety Glasses","ERB Safety","","Safety Equipment","","images/ERB/ERB glasses 6.jpg","https://billsequipment.mydomain.com/images/ERB/ERB%20glasses%206.jpg","https://billsequipment.mydomain.com/safetyequipment.htm","product","YES","1","active","YES","NO","2000",""
"YES","88","ERB Safety Safety Glasses","ERB Safety","","Safety Equipment","","images/ERB/ERB glasses 5.jpg","https://billsequipment.mydomain.com/images/ERB/ERB%20glasses%205.jpg","https://billsequipment.mydomain.com/safetyequipment.htm","product","YES","1","active","YES","NO","2010",""
"YES","88","ERB Safety Safety Glasses","ERB Safety","","Safety Equipment","","images/ERB/ERB glasses 9.jpg","https://billsequipment.mydomain.com/images/ERB/ERB%20glasses%209.jpg","https://billsequipment.mydomain.com/safetyequipment.htm","product","YES","1","active","YES","NO","2020",""
"YES","88","ERB Safety Safety Glasses","ERB Safety","","Safety Equipment","","images/ERB/ERB glasses 8.jpg","https://billsequipment.mydomain.com/images/ERB/ERB%20glasses%208.jpg","https://billsequipment.mydomain.com/safetyequipment.htm","product","YES","1","active","YES","NO","2030",""
"YES","88","ERB Safety Safety Glasses","ERB Safety","","Safety Equipment","","images/ERB/ERB glasses 3.jpg","https://billsequipment.mydomain.com/images/ERB/ERB%20glasses%203.jpg","https://billsequipment.mydomain.com/safetyequipment.htm","product","YES","1","active","YES","NO","2040",""
"YES","88","ERB Safety Safety Glasses","ERB Safety","","Safety Equipment","","images/ERB/ERB glasses 10.jpg","https://billsequipment.mydomain.com/images/ERB/ERB%20glasses%2010.jpg","https://billsequipment.mydomain.com/safetyequipment.htm","product","YES","1","active","YES","NO","2050",""
"YES","88","ERB Safety Safety Glasses","ERB Safety","","Safety Equipment","","images/ERB/ERB glasses 7.jpg","https://billsequipment.mydomain.com/images/ERB/ERB%20glasses%207.jpg","https://billsequipment.mydomain.com/safetyequipment.htm","product","YES","1","active","YES","NO","2060",""
"YES","88","ERB Safety Safety Glasses","ERB Safety","","Safety Equipment","","images/ERB/ERB glasses 2.jpg","https://billsequipment.mydomain.com/images/ERB/ERB%20glasses%202.jpg","https://billsequipment.mydomain.com/safetyequipment.htm","product","YES","1","active","YES","NO","2070",""
"YES","88","ERB Safety Safety Glasses","ERB Safety","","Safety Equipment","","images/ERB/ERB glasses 1.jpg","https://billsequipment.mydomain.com/images/ERB/ERB%20glasses%201.jpg","https://billsequipment.mydomain.com/safetyequipment.htm","product","YES","1","active","YES","NO","2080",""
"YES","95","Hi-Viz Rain Wear - Class 3 (S371)","ERB Safety","S371","Safety Equipment","","images/ERB/ERB Hi-Viz Rain Wear - Class 3 - S371.jpg","https://billsequipment.mydomain.com/images/ERB/ERB%20Hi-Viz%20Rain%20Wear%20-%20Class%203%20-%20S371.jpg","https://billsequipment.mydomain.com/safetyequipment.htm","product","YES","1","active","YES","NO","2090",""
"YES","100","Hi-Viz Rain Wear - Class 3 (S373PT)","ERB Safety","S373PT","Safety Equipment","Hi-Viz Rain Wear - Class 3 (S373)","images/ERB/ERB Hi-Viz Rain Wear - Class 3 - S373.jpg","https://billsequipment.mydomain.com/images/ERB/ERB%20Hi-Viz%20Rain%20Wear%20-%20Class%203%20-%20S373.jpg","https://billsequipment.mydomain.com/safetyequipment.htm","product","YES","1","active","YES","NO","2100",""
"YES","95","Jackets - Class 3 (S374)","ERB Safety","S374","Safety Equipment","Jackets - Class 3 (S372)","images/ERB/ERB Jackets - Class 3 - S372.jpg","https://billsequipment.mydomain.com/images/ERB/ERB%20Jackets%20-%20Class%203%20-%20S372.jpg","https://billsequipment.mydomain.com/safetyequipment.htm","product","YES","1","active","YES","NO","2110",""
"YES","100","Most Popular Mesh - Class 2 (S15Z)","ERB Safety","S15Z","Safety Equipment","Most Popular Mesh - Class 2 (S15)","images/ERB/ERB vests_Most Popular Mesh - Class 2 S15.jpg","https://billsequipment.mydomain.com/images/ERB/ERB%20vests_Most%20Popular%20Mesh%20-%20Class%202%20S15.jpg","https://billsequipment.mydomain.com/safetyequipment.htm","product","YES","1","active","YES","NO","2120",""
"YES","100","Omega II 6-point Suspension | Meets ANSI z89.1, Type 1, Class C, E and G Requirements","ERB Safety","Z107","Safety Equipment","Hi-Viz Yellow and Hi-Viz Lime meet the chromaticity and luminance requirements for background material in ANSI Z107.","images/ERB/ERB hats 2.jpg","https://billsequipment.mydomain.com/images/ERB/ERB%20hats%202.jpg","https://billsequipment.mydomain.com/safetyequipment.htm","product","YES","1","active","YES","NO","2130",""
"YES","93","Gemtor Safety Harness","Gemtor","","Safety Equipment","Model # 859 | Lightweight, sub-pelvic, | polyester full-body harness with adjustable shoulder straps, tongue buckles on leg straps and waist belt and quick connect buckle on chest strap. | Meets OSHA, ANSI standards","images/gemtor/859.gif","https://billsequipment.mydomain.com/images/gemtor/859.gif","https://billsequipment.mydomain.com/safetyequipment.htm","product","YES","1","active","YES","NO","2140",""
"YES","93","Gemtor Safety Harness","Gemtor","","Safety Equipment","Model # 933 | Lightweight, sub-pelvic, polyester full-body harness. Features front D-ring for ladder climbing, positioning, suspension, rescue or restraint. Quick connect buckles on leg straps and at hip for easy donning and doffing. | (pat. pend.) | Meets OSHA, ANSI standards","images/gemtor/933.gif","https://billsequipment.mydomain.com/images/gemtor/933.gif","https://billsequipment.mydomain.com/safetyequipment.htm","product","YES","1","active","YES","NO","2150",""
"YES","93","Gemtor Safety Harness","Gemtor","","Safety Equipment","Model # 922 | Lightweight, sub-pelvic, polyester full-body harness. Ideal when a worker is assigned his own harness. Once adjusted the quick connect buckles on the chest and leg straps make donning and doffing fast and simple with additional adjustment necessary only when compensating for seasonal clothing changes. | New York State Approval # 9593 | Meets OSHA, ANSI standards","images/gemtor/922.gif","https://billsequipment.mydomain.com/images/gemtor/922.gif","https://billsequipment.mydomain.com/safetyequipment.htm","product","YES","1","active","YES","NO","2160",""
"YES","93","Gemtor Safety Harness","Gemtor","","Safety Equipment","Model # 900 | Lightweight, sub-pelvic, polyester full-body harness. Designed for ease of mobility and all day comfort. Features include quick connect leg straps and chest strap. | New York State Approval # 9592 | Meets OSHA, ANSI standards","images/gemtor/900.gif","https://billsequipment.mydomain.com/images/gemtor/900.gif","https://billsequipment.mydomain.com/safetyequipment.htm","product","YES","1","active","YES","NO","2170",""
"YES","93","Gemtor Safety Harness","Gemtor","","Safety Equipment","Model # 932 | Lightweight, sub-pelvic, polyester full-body harness. The Infinitely adjustable friction buckles on the leg straps and quick connect chest strap makes the 932 the perfect solution when a harness must be shared among workers. | New York State Approval # 9594 | Meets OSHA, ANSI standards","images/gemtor/932.gif","https://billsequipment.mydomain.com/images/gemtor/932.gif","https://billsequipment.mydomain.com/safetyequipment.htm","product","YES","1","active","YES","NO","2180",""
"YES","100","Gemtor SRL-30 Equipment","Gemtor","SRL-30","Safety Equipment","SRL Series | with steel housing and cable lifeline (spectra rope available) Available Models: | SRL-30 - 30' long galvanized steel lifeline, 20 lbs. | SRL-30S - 30' long stainless steel lifeline, 20 lbs. | SRL-50 - 50' long galvanized steel lifeline, 27 lbs. | SRL-50S - 50' long stainless steel lifeline, 27 lbs. | SRL-65 - 65' long galvanized steel lifeline, 30 lbs. | SRL-65S - 65' long stainless steel lifeline, 30 lbs.","images/gemtor/srl.gif","https://billsequipment.mydomain.com/images/gemtor/srl.gif","https://billsequipment.mydomain.com/safetyequipment.htm","product","YES","1","active","YES","NO","2190",""
"YES","100","Gemtor SWL-11 Equipment","Gemtor","SWL-11","Safety Equipment","SWL Series | with 1"" wide polyester web lifeline Available Models: | SWL-11 - Aluminum housing, 11' long web lifeline, 8.25 lbs. | SWL-20 - Steel housing, 20' long web lifeline, 13.5 lbs. | SWL-30 - Steel housing, 30' long web lifeline, 14.5 lbs.","images/gemtor/SWL.gif","https://billsequipment.mydomain.com/images/gemtor/SWL.gif","https://billsequipment.mydomain.com/safetyequipment.htm","product","YES","1","active","YES","NO","2200",""
"YES","83","Model # 955H (shown)","Gemtor","","Safety Equipment","Model # 955 | Sub-pelvic, polyester full-body harness with foam back pad, and removable, heavy-duty tongue buckle waist belt. Other features include adjustable shoulder straps and quick connect chest and leg straps. | - Same as #955 except with Positioning D-rings on back pad.","images/gemtor/955h.gif","https://billsequipment.mydomain.com/images/gemtor/955h.gif","https://billsequipment.mydomain.com/safetyequipment.htm","product","YES","1","active","YES","NO","2210",""
"YES","90","Model # SP1101EL6","Gemtor","SP1101EL6","Safety Equipment","Expanding Soft-Pack energy absorber with 1"" wide x 6' long polyester web lanyard with a locking snaphook at each end. Retracts to 4 ½' when not in use.","images/gemtor/sl1101el_nb.gif","https://billsequipment.mydomain.com/images/gemtor/sl1101el_nb.gif","https://billsequipment.mydomain.com/safetyequipment.htm","product","YES","1","active","YES","NO","2220",""
"YES","90","Model # SP1101L","Gemtor","SP1101L","Safety Equipment","Soft-Pack energy absorber with 1"" wide polyester web lanyard with a locking snaphook at each end","images/gemtor/sp1101l_nb.gif","https://billsequipment.mydomain.com/images/gemtor/sp1101l_nb.gif","https://billsequipment.mydomain.com/safetyequipment.htm","product","YES","1","active","YES","NO","2230",""
"YES","90","Model # SP202L","Gemtor","SP202L","Safety Equipment","Soft-Pack energy absorber with ¼"" diameter vinyl coated galvanized steel cable lanyard with locking snaphooks at each end.","images/gemtor/sp202l_nb.gif","https://billsequipment.mydomain.com/images/gemtor/sp202l_nb.gif","https://billsequipment.mydomain.com/safetyequipment.htm","product","YES","1","active","YES","NO","2240",""
"YES","90","Model # SP2215L","Gemtor","SP2215L","Safety Equipment","Soft-Pack energy absorber with ½"" wide polyester rope lanyard with a locking snaphook at each end.","images/gemtor/sp2215l_nb.gif","https://billsequipment.mydomain.com/images/gemtor/sp2215l_nb.gif","https://billsequipment.mydomain.com/safetyequipment.htm","product","YES","1","active","YES","NO","2250",""
"YES","90","Model # VF505","Gemtor","VF505","Safety Equipment","Automatic energy absorbing rope grab follows a worker up and down a 5/8""- 3/4"" diameter vertical synthetic lifeline. The unit's controlled, shock-absorbing action eliminates the need for an energy absorbing lanyard. The patented design allows the rope grab to be attached, detached and positioned at any point on the vertical lifeline. Weighs 1 1/2 lbs. and is made of stainless steel. New York State Approval # 9502 | Other Available Models: | VF505WL2 - rope grab with permanently attached 2' long x 1"" wide polyester web lanyard with Model # 3155 locking snaphook. | VF505WL3 - Same as above except 3' long.","images/gemtor/VF505.jpg","https://billsequipment.mydomain.com/images/gemtor/VF505.jpg","https://billsequipment.mydomain.com/safetyequipment.htm","product","YES","1","active","YES","NO","2260",""
"YES","90","Model # VW655","Gemtor","VW655","Safety Equipment","Replaces Model # VW651 | | Stainless steel cable grab for use with 5/16"" - 3/8"" diameter stainless steel wire rope (7x19 aircraft cable, non-lubed). Can be attached, detached, and positioned at any point on the vertical lifeline. Weighs 1 1/2 lbs. An energy absorber lanyard shall be used for connection to a full-body harness.","images/gemtor/VW655.jpg","https://billsequipment.mydomain.com/images/gemtor/VW655.jpg","https://billsequipment.mydomain.com/safetyequipment.htm","product","YES","1","active","YES","NO","2270",""
"YES","100","MC250 Curbilder™ (Landscabe Curb Machine)","Miller","MC250","Safety Equipment","The MC250 is a smaller version of the MC family of extruded curbing machines and benefits from Miller’s 40-plus years experience in manufacturing extruded curbing machines. | The MC250 can be used in a variety of applications that require the placement of durable concrete edging such as golf courses, parks and recreation areas, water retention areas, garden borders, and miniature putting greens. | In addition to placing decorative landscape curbing, the MC250 is capable of placing commercial tack-down curbing ranging from low profile rollover curbs to standard parking lot curbing. | The auger provides a constant flow of mix under pressure through a compaction tube into the form. This process produces a finished curb that has greater strength than curb placed by a plunger machine. | The MC250 has a higher production rate of up to 12 feet a minute when using a mix with 3/8"" aggregate. | | The MC250 includes numerous safety and operation features found on the MC550 family of commercial extrusion machines and is backed by Miller’s exclusive 6-year warranty.","images/miller/mc250.gif","https://billsequipment.mydomain.com/images/miller/mc250.gif","https://billsequipment.mydomain.com/miller.htm","product","YES","1","active","YES","NO","2280",""
"YES","100","**RT-5250-2XP includes","RoboToolz","RT-A1150-123","Safety Equipment","RT-5250-2XP: The high powered laser provides the construction professional with all the benefits of a self leveling laser level and the flexibility of 90 degree plumb beam capability. | Models: | Laser tool, laser detector, rod bracket, laser target, laser enhancement glasses, hard shell kitbox and user guide. | **RT-5250-2XPKT also includes: RT-5250-2XP, 123 Tripod™ (RT-A1150-123) and Grade Rod (RT-A1450) | **Also available: Standard powered models RT-5250-1, RT-5250-1K and RT-5250-1-KT","images/robotoolz/250.gif","https://billsequipment.mydomain.com/images/robotoolz/250.gif","https://billsequipment.mydomain.com/robotoolz.htm","product","YES","1","active","YES","NO","2290",""
"YES","100","**RT-7690-2XPKT also includes","RoboToolz","RT-A1150-123","Safety Equipment","RT-7690-2XP: The high-power automatic leveling, remote controlled, simultaneous level and plumb rotational laser system for interior and exterior applications. | Models: | **RT-7690-2XP includes: Laser tool, RF remote control/laser detector, rod bracket, AC/DC adapter, laser target, laser enhancement glasses, hard shell kitbox and user guide. | RT-7690- 2XP, 123 Tripod™ (RT-A1150-123) and Grade Rod (RT-A1450) | **Also available: Standard powered models RT-7690-2 and RT-7690-2KT","images/robotoolz/7690.gif","https://billsequipment.mydomain.com/images/robotoolz/7690.gif","https://billsequipment.mydomain.com/robotoolz.htm","product","YES","1","active","YES","NO","2300",""
"YES","93","CT 36ADP – Features and Benefits","Wacker","","Safety Equipment","Unique handle gives operator full control with limited vibration. | Height-adjustable control handle and posi-lock throttle improve operator comfort and reduce fatigue. | Centrifugal clutch ensures no-load starting for easy operation and is self-adjusting for reduced maintenance. | Large pitch-control range gives complete control over finishing and floating for application versatility during operation. | Low center of gravity and completely enclosed belt offers clean and stable operation. Stabilizer ring on larger machines adds to smooth operation and reduces operator fatigue. | Heat treated, ductile cast iron blade pitch control and spider are rust resistant for long life. | Choice of handle style, WACKER-type or bicycle grip, for user preference. | Mechanical shut off quickly stops handle rotation when released for operator safety.","images/wacker/ct36adp.jpg","https://billsequipment.mydomain.com/images/wacker/ct36adp.jpg","https://billsequipment.mydomain.com/wacker.htm","product","YES","1","active","YES","NO","2310",""
"YES","100","WB-16a – Features and Benefits","Wacker","B56.8-1993","Safety Equipment","Variable speed hydrostatic drive system with squeeze grip control lever and thumb operated forward and reverse control. | Thumb operated dump control allows for easy dumping and spreading of materials, while keeping both hands on handlebars. | Large capacity polyethylene bucket with high adjustable tip angle for easy unloading of materials. | Large capacity fuel tank provides long uninterrupted operation. | High splash guard reduces splattering of concrete outside bucket. | Removable outer tires for easy access into narrow areas. | Locking pin on operator platform provides greater stability for operator. | Foot-operated scrub brake with lock for parking machine. | Power buggy meets or exceeds ASME B56.8-1993 Safety Standard for stability and braking.","images/wacker/wb-16a.jpg","https://billsequipment.mydomain.com/images/wacker/wb-16a.jpg","https://billsequipment.mydomain.com/wacker.htm","product","YES","1","active","YES","NO","2320",""
"YES","88","Folding Scaffold (0063-0435-54) | Handy Roll, 27""W x 64""L x 51""H, with 2 casters and 2 steel planks","Bil-Jax","","Scaffolding","Wt. 106","images/bil-jax/0063-0435.gif","https://billsequipment.mydomain.com/images/bil-jax/0063-0435.gif","https://billsequipment.mydomain.com/bil-jax.htm | https://billsequipment.mydomain.com/scaffolding.htm","product","YES","1","active","YES","NO","2330",""
"YES","93","WX 10","Honda","","Water Pumps","1 inch pump | This quiet operating, 4 cycle Honda powered water pump with 40 gallon per minute performance is an excellent choice for homeowners, gardeners and boat owners.","images/honda/wx10-150.gif","https://billsequipment.mydomain.com/images/honda/wx10-150.gif","https://billsequipment.mydomain.com/honda.htm","product","YES","1","active","YES","NO","2350",""
"YES","93","MS1 Block Saw","Stone","","Water Pumps","(Click for larger) | ! | | | The ""Handy Li'l Devil"" - MS1. Tough, Fast, Portable. The MS1 is lightweight and easily transportable. Use it on a table, truck bed, or anywhere on the job with its optional leg kit. | Cuts block to 5"" depth (14"" blade guard). Easily portable, lightweight, compact design. Head, bed and optional stand easily separate into sections. Electric water pump standard on electric MS1 models. Belt driven water pump on gas MS1 models. OSHA compliant electric motors and pumps match voltage. Blade wrench to change blades or remove cutting head standard","images/stonemixers/ms1.jpg","https://billsequipment.mydomain.com/images/stonemixers/ms1.jpg","https://billsequipment.mydomain.com/stone.htm","product","YES","1","active","YES","NO","2360",""
"YES","93","MS2 Block Saw","Stone","","Water Pumps","The ""Smart Li'l Devil"" - MS2 is the Professional Choice. The MS2 is extra rugged and heavy-duty, ideal for stationary production work of virtually all masonry materials. | Cuts blocks to an 8"" depth (up to 20"" blade capacity). Three-way blade positioning system -- foot pedal, heavy-duty hand crank, or blade lever -- meets any operator need. Convenient hands-free operation for raising and lowering blade with spring-loaded foot pedal. Reinforced tri-leg base with bi-directional, heavy-duty forklift brackets. Stationary gas engine mounting does not tilt with blade. Electric water pump standard on electric MS2 models. Belt-driven water pump standard on gas MS2 models. Blade wrench to change blades or remove cutting head standard. | | (Click for larger)","images/stonemixers/ms2.jpg","https://billsequipment.mydomain.com/images/stonemixers/ms2.jpg","https://billsequipment.mydomain.com/stone.htm","product","YES","1","active","YES","NO","2370",""
"YES","93","PT 2H","Wacker","","Water Pumps","50mm/2in Centrifugal Trash Pump | High performance centrifugal trash pumps designed to keep your jobsite dry | WACKER's centrifugal trash pumps have proven themselves on jobsites around the world. With its radial flow design and built-in contractor friendly features, this line of trash pump has redefined the quality and durability standards of self-priming centrifugal trash pumps.","images/wacker/pt2h.gif","https://billsequipment.mydomain.com/images/wacker/pt2h.gif","https://billsequipment.mydomain.com/wacker.htm","product","YES","1","active","YES","NO","2380",""
"YES","93","PTS 4V","Wacker","","Water Pumps","4in Centrifugal Trash Pump | High performance centrifugal trash pumps designed to keep your jobsite dry | WACKER's centrifugal trash pumps have proven themselves on jobsites around the world. With its radial flow design and built-in contractor friendly features, this line of trash pump has redefined the quality and durability standards of self-priming centrifugal trash pumps.","images/wacker/pts4v.gif","https://billsequipment.mydomain.com/images/wacker/pts4v.gif","https://billsequipment.mydomain.com/wacker.htm","product","YES","1","active","YES","NO","2390",""
"YES","93","Wacker Water Pump","Wacker","","Water Pumps","PT 6LT | 6in Centrifugal Trash Pump Trailer Mounted | Application | Self-priming, high performance pumps designed to handle water with some solid content. Built for the demands of construction, mining, municipality, farm and marine applications.","images/wacker/pt6lt.gif","https://billsequipment.mydomain.com/images/wacker/pt6lt.gif","https://billsequipment.mydomain.com/wacker.htm","product","YES","1","active","YES","NO","2400",""
