"Url","FinalUrl","Status","ContentType","Title","Headings","Text","RawFile"
"https://billsequipment.mydomain.com/about.htm","https://billsequipment.mydomain.com/about.htm","200","text/html","Welcome to Bill's Equipment Online!","","Welcome to Bill's Equipment Online! About Bills Equipment Edward R. Arenas Sr., who ascended to the company's presidency in 1996, is a great believer in ""family."" Its shows in the friendly, first-name fashion in which employees address him and his fellow executives, wife Maria and son Edward X. Arenas Jr., both vice presidents. Bills Equipment sales has steadily increased since the company began catering almost completely to the contractor and industry trade. Bills Equipment plans to expand operations at both its current facilities and elsewhere in Miami-Dade and Broward Counties, although competition in the construction equipment business is touch. The company's key ingrediant for continuing success however, is ""being pleasant and nice to the customers, making them feel welcome...like family. And treated always, as well to a steaming cup of Cuban café. All information found on BillsEquipment.com is © Copyrighted Bill's Equipment ® All Rights Reserved. No information shall be used without written consent of Bill's Equipment. All trade names and logos referenced on this web site are the service mark, trademark or registered trademarks of their respective manufacturers.","raw/0003-about.html"
"https://billsequipment.mydomain.com/aeriallifts.htm","https://billsequipment.mydomain.com/aeriallifts.htm","200","text/html","Welcome to Bill's Equipment Online!","","Welcome to Bill's Equipment Online! Aerial Lifts (Click on each company logo to see other items we may have from each) (Click Me) Portable material lift for construction and industrial applications. The Superlift Contractor is an ideal tool for construction firms and every kind of contractor. Standard Features: Heavy duty design, yet lightweight and portable. Quick setup requires no tools. Loads easily into a pickup truck for transporting. Rear transport wheel assembly. 4 in (10 cm) front casters and 5 in (13 cm) rear casters with side brakes are standard. Hold-down bar holds mast assembly in place during transport. SLC™ Contact or visit store to purchase! Contact or visit store to purchase! The Genie Aerial Work Platform AWP line emphasizes portability and ease of operation. Reach working heights of up to 46 ft 3 in (14.3 m). Choose Standard, Narrow or Rough Terrain base models. AC, DC or Airmotor power options. Standard Features *Rocker Base System *Ground and platform controls with auxiliary platform lowering *Small outrigger footprints *Easy loading *Doorway access *Outrigger storage pockets *Sturdy tie-downs Standard Features *Over 51 ft (15.8 m) working height *Over 24 ft (7.3 m) horizontal reach *Up and over clearance of over 22 ft (6.7 m) *5 ft (1.5 m) turning radius *500 lb (227 kg) lift capacity *Fully proportional controls *180° hydraulic platform rotation on Z-45/25 models *160° hydraulic platform rotation on Z-45/25J models *24V DC auxiliary power unit *Drive enable system *End mount platform on Z-45/25J models *AC wiring to platform *Tilt alarm *Horn *Hour meter Z-45/25 DC/Bi-Energy Contact or visit store to purchase! Make short work of big jobs. With an extended reach, models with jibs, and a variety of outstanding performance features, the Z-45/25 DC/Bi-Energy handles the most challenging high-reach jobs. The revolutionary Genie Bi-Energy system combines the quiet, emission-free and efficient operation of a 48V DC machine with the versatility of a diesel generator powered machine to provide a boom that is ideal for indoor and outdoor applications. Quick and Maneuverable The Z-45/25’s enhanced design helps get you where you need to go, quickly and easily. The new 5 ft (1.52 m) inside turning radius delivers excellent maneuverability. Z-45/25J models with a 5 ft (1.52 m) articulating jib boom are also available to provide a 135° range of motion. Large Platform with Hydraulic Rotation The standard 6 ft (1.83 m) all-steel platform lifts up to 500 lb (227 kg). Dimensions of 30 x 72 in (76 cm x 1.83 m) allow ample space for two workers and their tools. Platform features a 180° hydraulic rotation for Z-45/25 models and a 160° hydraulic rotation for Z-45/25J models. Also includes automatic platform leveling with a manual hydraulic override system and an AC power outlet. Z-60/34 Contact or visit store to purchase! Standard Features *66 ft (20.1 m) working height *34 ft (10.4 m) horizontal reach *500 lb (227 kg) lift capacity *Dual fuel (Gas/LPG) or diesel engine options *Fully proportional platform controls with ramp up/down feature *Hydraulic platform rotation *360° continuous turntable rotation *12V DC auxiliary power unit *Fuel select switch on platform and ground controls (Gas/LPG models) *Closed-loop hydrostatic drive *Positive traction drive *Drive enable system *High-angle steer *Self-leveling platform *Locking turntable covers *Anti-restart engine protection *Auto engine fault shutdown *Engine monitoring gauges *AC wiring to platform *Tilt alarm *Horn *Hour meter S tandard Features *S-80 has 86 ft (26.4 m) working height *S-85 has 91 ft (27.9 m) working height *S-80 has 72 ft (21.9 m) horizontal reach *S-85 has 77 ft (23.4 m) horizontal reach *Up to 600 lb (272 kg) lift capacity on the S-80 *500 lb (227 kg) lift capacity on the S-85 *Extendable axles operated from the platform *Dual extended cylinders *Dual fuel (Gas/LPG) or diesel engine options *Fully proportional platform controls with ramp up/down feature *Hydraulic platform rotation *360° continuous turntable rotation *12V DC auxiliary power *Fuel select switch on platform and ground control panels (Gas/LPG models) *Closed-loop hydrostatic drive *Positive traction drive *Drive enable system *Self-leveling platform *Rough terrain air tires *Locking turntable covers *Anti-restart engine protection *Auto engine fault shutdown *AC wiring to platform *Wire braided hose *Tilt alarm *Horn *Hour meter S-80 Contact or visit store to purchase! S-100 Contact or visit store to purchase! Standard Features *S-100 has 106 ft (32.5 m) working height *Industry-leading outreach of 75 ft (22.9 m) *750 lb (340 kg) lift capacity *Four-wheel drive with four-wheel brakes *Extendable axles, operated from platform *Three diesel engine options *8 ft (2.44 m) steel platform *Fully proportional platform controls with ramp up/down feature *Hydraulic platform rotation *360° continuous turntable rotation *12V DC auxiliary power *Closed-loop hydrostatic drive *Positive traction drive *Drive enable system *Self-leveling platform *Onboard full diagnostics *Anti-restart engine protection *Auto engine fault shutdown *Hydraulic oil cooler *Engine monitoring display *AC wiring to platform *Foam-filled tires Standard Features *S-120 has 126 ft (38.6 m) working height *Industry-leading outreach of 75 ft (22.9 m) *750 lb (340 kg) lift capacity *Four-wheel drive with four-wheel brakes *Four-wheel steer includes front, rear, crab and coordinated steer functions *Extendable axles, operated from platform *Three diesel engine options *8 ft (2.44 m) steel platform *Fully proportional platform controls with ramp up/down feature *Hydraulic platform rotation *360° continuous turntable rotation *12V DC auxiliary power *Closed-loop hydrostatic drive *Positive traction drive *Drive enable system *Self-leveling platform *Onboard full diagnostics *Anti-restart engine protection *Auto engine fault shutdown *Hydraulic oil cooler * Engine monitoring display *AC wiring to platform *Foam-filled tires *Wire braided hose *Tilt alarm *Horn *Hour meter S-120 Contact or visit store to purchase! GS-1930 Contact or visit store to purchase! Standard Features *GS-1530 has 21 ft (6.5 m) working height and GS-1930 has 25 ft (7.8 m) working height *39 in (1 m) roll-out platform extension *Compact 30 in (76 cm) width *600 lb (272 kg) lift capacity for the GS-1530 and 500 lb (227 kg) lift capacity for the GS-1930 *Compact design *Automatic 25 amp battery charger *Proportional controls for lift and drive functions *Multiple disc brakes provide smooth deceleration *Drive speed interlock limits speed while elevated *Emergency stop at both platform and ground controls *Manual platform lowering valve *Manual brake release *Pothole guards *Non-marking tires *AC wiring to platform *Tilt level sensor with an audible alarm *Beeper horn *Hour meter Standard Features *GS-2632 has 32 ft (9.92 m) working height *39 in (1 m) roll-out platform extension *Compact 32 in (81.3 cm) width *500 lb (227 kg) lift capacity *Proportional controls for lift and drive functions *Automatic 25 amp battery charger *Manual platform lowering valve *Emergency stop switches at both platform and ground controls *Drive speed interlock limits speed while elevated *Multiple disc brakes provide smooth deceleration *Manual brake release *Pothole guards *Non-marking tires *AC wiring to platform *Tilt sensor with an audible alarm *Beeper horn *Hour meter GS-2632 Contact or visit store to purchase! GS-2032 Contact or visit store to purchase! Standard Features *26 ft (8.1 m) working height *Compact 32 in (81 cm) width *800 lb (363 kg) lift capacity *39 in (1 m) rollout platform extension *Proportional controls for lift and drive functions *AC outlet to platform *Multiple disc brakes provide smooth deceleration Standard Features *39 in (1 m) roll-out platform extension *Proportional controls for lift and drive functions *AC wiring to platform *Multiple disc brakes provide smooth deceleration *Manual platform lowering valve *Tilt sensor with an audible alarm *Pothole guards *Emergency stop switches at both platform and ground controls *Automatic 25 amp battery charger *Manual brake release *Non-marking tires *Hour meter GS-4390 Contact or visit store to purchase! TZ-34/20 Contact or visit store to purchase! Standard Features *12.36 m (40 ft) working height *6.1 m (20 ft) horizontal reach *200 kg (440 lb) lift capacity *Outrigger interlocks *Hydraulic outriggers *Automatic levelling system *Proportional speed control system *Dual pneumatic jockey wheels *Tilt alarm/sensor *AC wiring to platform *Mechanical surge brakes *Parking brake *Hour meter (Click Me) XLB-4232-HONDA GAS Lift, Towable Boom Type, 42' Working Height, 300 lb Capacity ----------------------------------------------------------------------------- Wt. 4675 DC OPTIONAL IN STOCK Contact or visit store to purchase! XlB-4725A-HONDA Lift, Towable Boom Type, 47' Working Height, 400 lb Capacity --------------------------------------------------------------------------------- Wt. 4675 DC OPTIONAL IN STOCK Contact or visit store to purchase! XLT-C.A.T.23-DC Lift, Telescopic Type, 30' Working Height, 300 lbs Capacity -------------------------------------------------------------------------------- Wt. 882 Spanner Kit Option Available Contact or visit store to purchase! Many more to choose from.... Contact Us All information found on BillsEquipment.com is © Copyrighted Bill's Equipment and ® All Rights Reserved. No information shall be used wihtout written consent of Bill's Equipment. All trade names and logos referenced on this web site are the service mark, trademark or registered trademarks of their respective manufacturers.","raw/0047-aeriallifts.html"
"https://billsequipment.mydomain.com/aircompressors.htm","https://billsequipment.mydomain.com/aircompressors.htm","200","text/html","Welcome to Bill's Equipment Online!","","Welcome to Bill's Equipment Online! AIR COMPRESSORS (Click on each company logo to see other items we may have from each) AIRMAN COMPRESSOR MODEL PDS185S-6B1 - SUNAMI GENERAL · Lockable instrument panel and side doors provide security. · Strong and lightweight unibody construction. · Electronic powder-coat paint for unsurpassed durability. · Quick-glow automatic cold weather starting system removes guesswork. · Automatic air bleeder system promotes safe operation. · Stainless steel exhaust system provides longer life. · Positive steel door latches secure automatically with door closure. · Gas filled struts provide effortless door opening. · Center point lifting eye supports weight of machine with full fuel load. COMPRESSOR · High efficiency twin drive screw air end increases service life while promoting quietness. · Automatic capacity control increases performance efficiency. · Automatic shutdown and protection systems reduce costly maintenance. STORAGE Generous, lockable storage space for multiple 90 pound breakers, various tools and up to 50' of air hose. SERVICEABILITY · Lockable, full length side doors provide easy service accessibility. · All drainage points are valved and routed for easier maintenance. · Daily service points are positioned on one side of machine for convenience. · Fuel line water trap prevents premature fuel injector failure. · Filter condition indicators warn when filter changes are required. · Efficient single filter (engine-compressor) design reduces routine maintenance costs. · External seperation filter to reduce maintenance time and labor cost. ENVIRONMENT · Super low noise level design provides for 65 dBA noise level at 7 meters when idling. · Seamless hull design contains leaks and spills that can contaminate environment. · The lowest fuel consumption in class promotes conservation of precious fuel resources. Contact or visit store to purchase! (Click Me) Contact or visit store to purchase! 1900 Portable Air Compressor The Sullair 1900 Portable Air Compressor, 1900 CFM at 100 PSIG, 897 L/S at 7 BAR. 750, 900, 1050, 1600 Also Available 130 Portable Air Compressor The Sullair 130 Portable Air Compressor, 130 CFM at 100 PSIG, 61 L/S at 7 BAR. 125, 185, 375 Also Available Contact or visit store to purchase! Many more to choose from.... Contact Us All information found on BillsEquipment.com is © Copyrighted Bill's Equipment and ® All Rights Reserved. No information shall be used wihtout written consent of Bill's Equipment. All trade names and logos referenced on this web site are the service mark, trademark or registered trademarks of their respective manufacturers.","raw/0048-aircompressors.html"
"https://billsequipment.mydomain.com/airman.htm","https://billsequipment.mydomain.com/airman.htm","200","text/html","Welcome to Bill's Equipment Online!","","Welcome to Bill's Equipment Online! AIRMAN COMPRESSOR MODEL PDS185S-6B1 - SUNAMI GENERAL · Lockable instrument panel and side doors provide security. · Strong and lightweight unibody construction. · Electronic powder-coat paint for unsurpassed durability. · Quick-glow automatic cold weather starting system removes guesswork. · Automatic air bleeder system promotes safe operation. · Stainless steel exhaust system provides longer life. · Positive steel door latches secure automatically with door closure. · Gas filled struts provide effortless door opening. · Center point lifting eye supports weight of machine with full fuel load. COMPRESSOR · High efficiency twin drive screw air end increases service life while promoting quietness. · Automatic capacity control increases performance efficiency. · Automatic shutdown and protection systems reduce costly maintenance. STORAGE Generous, lockable storage space for multiple 90 pound breakers, various tools and up to 50' of air hose. SERVICEABILITY · Lockable, full length side doors provide easy service accessibility. · All drainage points are valved and routed for easier maintenance. · Daily service points are positioned on one side of machine for convenience. · Fuel line water trap prevents premature fuel injector failure. · Filter condition indicators warn when filter changes are required. · Efficient single filter (engine-compressor) design reduces routine maintenance costs. · External seperation filter to reduce maintenance time and labor cost. ENVIRONMENT · Super low noise level design provides for 65 dBA noise level at 7 meters when idling. · Seamless hull design contains leaks and spills that can contaminate environment. · The lowest fuel consumption in class promotes conservation of precious fuel resources. All information found on BillsEquipment.com is © Copyrighted Bill's Equipment and ® All Rights Reserved. No information shall be used wihtout written consent of Bill's Equipment. All trade names and logos referenced on this web site are the service mark, trademark or registered trademarks of their respective manufacturers.","raw/0024-airman.html"
"https://billsequipment.mydomain.com/allegro.htm","https://billsequipment.mydomain.com/allegro.htm","200","text/html","Welcome to Bill's Equipment Online!","","Welcome to Bill's Equipment Online! Blowers 8"" Plastic COM-PAX-IAL Blower This lightweight, corrosion, UV and chemical resistant polyethylene housing offers a superior design with durable construction. The carry handle is molded into the blower. This compact and super quiet unit features a polypropylene nine blade fan, a steel/powder coated grill. The bottom enclosure ensures safe and convenient storage of electrical components. Designed to work separately with canister and ducting. The quick-connect clipping system allows workers to attach canister, tools-free, to input side for powerful extraction or output side for ventilation. AC MODEL Free Air One 90° Bend Two 90° Bends 831 CFM 709 CFM 586 CFM 17 lbs. 1/3 hp 3A/115V Part No. 9533 8"" AC COM-PAX-IAL Plastic Blower without canister EXPLOSION PROOF MODEL Free Air One 90° Bend Two 90° Bends 900 CFM 650 CFM 625 CFM 20 lbs. 1/3 hp 115V Part No. 9538 8"" Explosion Proof COM-PAX-IAL Plastic Blower without canister DC MODEL Can run off truck battery. Designed for easy use and storage, available as a complete system with 15' or 25' ducting and storage canister and Alligator Clips. Free Air One 90° Bend Two 90° Bends 816 CFM 526 CFM 442 CFM 17 lbs. 1/3 hp 12V DC Part No. 9536 8"" DC COM-PAX-IAL Plastic Blower without canister All information found on BillsEquipment.com is © Copyrighted Bill's Equipment and ® All Rights Reserved. No information shall be used wihtout written consent of Bill's Equipment. All trade names and logos referenced on this web site are the service mark, trademark or registered trademarks of their respective manufacturers.","raw/0053-allegro.html"
"https://billsequipment.mydomain.com/bil-jax.htm","https://billsequipment.mydomain.com/bil-jax.htm","200","text/html","Welcome to Bill's Equipment Online!","","Welcome to Bill's Equipment Online! Bil-Jax Products Lifts XLB-4232-HONDA GAS Lift, Towable Boom Type, 42' Working Height, 300 lb Capacity ----------------------------------------------------------------------------------- Wt. 4675 DC OPTIONAL IN STOCK Contact or visit store to purchase! XlB-4725A-HONDA Lift, Towable Boom Type, 47' Working Height, 400 lb Capacity --------------------------------------------------------------------------------- Wt. 4675 DC OPTIONAL IN STOCK Contact or visit store to purchase! XLT-C.A.T.23-DC Lift, Telescopic Type, 30' Working Height, 300 lbs Capacity -------------------------------------------------------------------------------- Wt. 882 Spanner Kit Option Available Contact or visit store to purchase! Scaffolding Single Step Frame Scaffolding Step, 1-1/2""OD, 5'W x 5'H, 27-3/4"" Brace Lock Spacing, C-Lock -------------------------------------------------------------------------------- Wt. 33.5 -------------------------------------------------------------------------------- *27-3/4"" lock spacing (bil-jax standard) *C-Lock with Holed Braces Wt. 0 * Frame with 1-1/2"" Leg O.D. Contact or visit store to purchase! Open-Ended Frame Scaffolding Open, 1-11/16""OD, 5'W x 6'4""H, 27-3/4"" Brace Lock Spacing, C-Lock -------------------------------------------------------------------------------- Wt. 54 -------------------------------------------------------------------------------- * 27-3/4"" lock spacing (bil-jax standard) *C-Lock with Holed Braces Wt. 0 *Frame with 1-11/16"" Leg O.D. Contact or visit store to purchase! Caster Wheel 8"" Dia., fits 1-11/16""(#7) Tube Size, Cast Iron Hub, 500# Cap., incl. 2"" Snap Pin -------------------------------------------------------------------------------- Wt. 13 Contact or visit store to purchase! Leveling Jack (0032-096) Swivel with 15"" Adj., fits 1-5/8""(#6) or 1-11/16""(#7) -------------------------------------------------------------------------------- Wt. 11.9 Contact or visit store to purchase! Leveling Extention W/Retainer (0034-086) 15"" Adjustment, fits 1-5/8""(#6) Tube Size -------------------------------------------------------------------------------- Wt. 11.5 Contact or visit store to purchase! ProJax Utility Scaffold (0127-006-0) Single Unit, 6'L x 6'H, Includes 2-29""W Frames, 2 Arm Braces, 1 Plywood Deck and 4 Casters -------------------------------------------------------------------------------- Wt. 147 Contact or visit store to purchase! Drywall Cart (0063-0575-11YE) Heavy Duty, 28""Wx50""Lx47""H, 2 Stl Swvl and 2 Stl Rgd Casters, 3000 lbs Capacity -------------------------------------------------------------------------------- Wt. 137 Contact or visit store to purchase! Folding Scaffold (0063-0435-54) Handy Roll, 27""W x 64""L x 51""H, with 2 casters and 2 steel planks -------------------------------------------------------------------------------- Wt. 106 Contact or visit store to purchase! Well Wheel (0082-0103) 10"", for use with Hoist Arm -------------------------------------------------------------------------------- Wt. 9.3 Contact or visit store to purchase! no picture available no picture available Hoist Arm (0041-028) Swivel Head -------------------------------------------------------------------------------- Wt. 29 Contact or visit store to purchase! Walkboard (0055-216) 19""W x 7'L, X-Tru-Lite, All Aluminum, Cap. 75 psf -------------------------------------------------------------------------------- Wt. 32 Contact or visit store to purchase! All information found on BillsEquipment.com is © Copyrighted Bill's Equipment and ® All Rights Reserved. No information shall be used wihtout written consent of Bill's Equipment. All trade names and logos referenced on this web site are the service mark, trademark or registered trademarks of their respective manufacturers.","raw/0008-bil-jax.html"
"https://billsequipment.mydomain.com/bosch.htm","https://billsequipment.mydomain.com/bosch.htm","200","text/html","Welcome to Bill's Equipment Online!","","Welcome to Bill's Equipment Online! Bosch Products Drills Contact or visit store to purchase! 1/2"" High-Speed Drill Model 1033VSR Features: *8.0 Amp all ball bearing motor, 0-850 RPM *Heavy duty, keyed chuck *Variable speed, soft grip trigger, with reversing switch - For greater control *Two finger trigger design and lock-on button - For *ease of operation *Ergonomic handle with soft grip - For increased comfort *Precision cut steel gears *Magnesium front housing - For increased durability *Extra long 8' rubber cord with 3-prong grounded plug *360° auxiliary handle with optional depth gauge 1/2"" High-Torque Drill Model 1034VSR Features: *8.0 Amp all ball bearing motor, 0-550 RPM *Heavy duty, keyed chuck *Variable speed, soft grip trigger, with reversing switch - For greater control *Two finger trigger design and lock-on button - For ease of operation *Ergonomic handle with soft grip - For increased comfort *Precision cut steel gears *Magnesium front housing - For increased durability *Extra long 8' rubber cord with 3-prong grounded plug *360° auxiliary handle with optional depth gauge Contact or visit store to purchase! Hammer Drills Contact or visit store to purchase! 1/2"" Hammer Drill Model 1194AVSR Features: *8.0 Amps, 0-1000/2600 RPM, 0-16,000/0-41,600 BPM *2-Speed Gear Box - Matches speed and torque to the job *Dual-Mode Selector - Easily converts from rotation-only to hammer drill mode *Variable Speed and Reversing Switch - Complete control for drilling, driving and removing bits or screws *All Ball and Roller Bearing Construction - Smooth power transmission and extended tool life *Ergonomic Handle with Soft-Grip - Multiple gripping positions for increased comfort and control *360° Side-handle with depth gauge - Wide range of movement for comfort along with consistent drilling depth *Lock-on Button 1/2"" Hammer Drill with Carrying Case Model 1194AVSRK Features: *8.0 Amps, 0-1000/2600 RPM, 0-16,000/0-41,600 BPM *2 Speed gear box - Matches speed and torque to the job *Dual function control - Quickly converts from rotation only to hammer w/rotation *Variable speed and reversing switch - Complete control for drilling, driving and removing bits or screws *All ball and roller bearing construction - Smooth Power transmission and extended tool life *Ergonomic handle with soft grip - Multiple gripping positions for increased comfort and control *360° Side-handle with depth gauge - Wide range of movement along with consistent drilling depth *Lock-on Button Contact or visit store to purchase! Contact or visit store to purchase! 1-9/16"" Spline Combination Hammer Model 11248EVS Features: *Spline/round hex bit system - tool-free bit changes, with automatic bit locking *Auto-Max® dial - variable speed dial designed to automatically insure the maximum speed and power every time the tool is plugged in *Constant Response&service; Circuitry - Provies soft-start, maintains constant speed under load, provides overload protection *""Combination"" dual mode selector - 2 modes of operation, rotary hammer and hammer only mode *TurboTM Power - delivers 20% more power in hammer only mode *Service Minder TM light - indicates when preventative maintenance is required *Power light - ensures operator that power feed is on *Vario-LockTM positioning - rotates and locks chisel into 12 different positions to optimize working angle *Patented cord turret - provides added flexibility and reduces cord wear *Vibration dampening handle - reduces vibration up to 40%, providing uncompromising user comfort for extended periods of work Grinders 7"" Large Angle Grinder Model 1752G7 Features: *15 Amps, 6,000 RPM *Lock-on/off switch - for extended use applications *AC/DC capability - extends the versatility of the tool by working from DC outlets such as welders and generators *Reinforced armature windings - protects the motor against abrasive dust and metal debris *Service MinderTM brushes - eliminates guesswork, stops the tool when preventive maintenance is required *5/8"" - 11 Spindle - wide flexibility for mounting most popular accessories *Spindle lock - for quick wheel changes *Precision spiral bevel gears - quality engineering and construction for smooth power transmission *3-Position auxiliary handle - specifically designed for multiple hand positions, provides maximum versatility and control *Double Insulated, UL listed, complies to OSHA Contact or visit store to purchase! Contact or visit store to purchase! 9"" Large Angle Grinder Model 1754G Features: *15 Amps, 6,000 RPM *Exclusive rotating handle design - rotates in either direction for hard to reach locations *Lock-on/off switch - for extended use applications *AC/DC capability - Extends the versatility of the tool by working from DC outlets such as welders and generators *Reinforced armature windings - Protects motor against abrasive dust and metal debris *Service MinderTM brushes - Eliminates guesswork, stops the tool when preventive maintenance is required *5/8"" - 11 Spindle - Wide flexibility for mounting most popular accessories *3-Position side handle - specifically designed for multiple hand positions, provides maximum versatility and control *Spindle lock - for quick wheel changes *Ergonomic design - slim handle for a comfortable fit, with on-handle switch for easy operation Demolition Hammers Brute ™ Breaker Hammer Model 11304 Features: *The plug in anywhere hammer - Does not need a compressor *Total portability - Operates on 115/120V AC/DC, 15 amp. outlet or 2500 watt portable generator *ServiceMinderTM brush system - Shuts the Brute™ off when brush replacement, lubrication or preventative maintenance is needed *Grease packed gear box and hammer mechanism - *Eliminates uncertainty of job site lubrication *Shock mounted handles - Absorbs vibration to reduce operator fatigue *2-way tool retainer - Accepts standard 1-1/8? hex, air tool steel with retaining collar of Bosch internal locking combo steel Contact or visit store to purchase! Contact or visit store to purchase! Brute ™ Breaker Hammer Kit Model 11304K Features: *The plug-in anywhere hammer - Does not need a compressor *8"" Diameter semi-pneumatic, ball bearing wheels - Easy rolling over rough job sites *Rugged 1"" diameter all welded steel frame, plus heavy-duty rubber tie-down - For convenient storage and easy transportation *4 Sockets - Holds any 1-1/8"" hex collar insert tools *Total portability - Operates on 115/120V AC/DC, 15 amp outlet or 2500 watt portable generator *ServiceMinder™ brush system - Shuts the Brute™ off when brush replacement, lubrication or preventive maintenance is needed *Grease packed gear box and hammer mechanism - Eliminates uncertainty of job site lubrication *2-way tool retainer - Accepts standard 1-1/8? hex, air tool steel with retaining collar of Bosch internal combo steel *Shock mounted handles - Absorb vibration to reduce operator fatigue SDS-max® Demolition Hammer Model 11316EVS Features: *SDS-max® bit system - tool-free bit changes with automatic bit locking, dust protection and maximum impact energy transfer rate *Variable-speed dial - for controlled chipping applications *Constant ResponseTM Circuitry - Provides soft-start, maintains constant speed under load, provides overload protection *Service MinderTM light - indicates when preventative maintenance is required *Vario-LockTM positioning - rotates and locks chisel into 12 different positions to optimize working angle *Padded rear handle - absorbs shock for operator comfort *360° Auxiliary handle - provides a wide range of movement along with operator comfort *Double insulated, UL listed, complies to OSHA Contact or visit store to purchase! Contact or visit store to purchase! SDS-max® Demolition Hammer Model 11318EVS Features: *SDS-max® bit system - tool-free bit changes with automatic bit locking, dust protection and maximum impact energy transfer rate *Auto-Max® dial - variable speed dial designed to automatically insure the maximum speed and power every time the tool is plugged in *Constant ResponseTM Circuitry - Provides soft-start, maintains constant speed under load, provides overload protection *Service MinderTM light - indicates when preventative maintenance is required *Power light - ensures operator that power feed is live *Vario-LockTM positioning - rotates and locks chisel into 12 different positions to optimize working angle *Innovative service modules - designed so a qualified service technician can quickly replace the brushes and cord *Patented cord turret - provides added flexibility and reduces cord wear *Vibration dampening handle - reduces vibration up to 40%, providing uncompromising user comfort for extended periods of work *Grounded design, UL listed, complies to OSHA Contact Us for more items and info... All information found on BillsEquipment.com is © Copyrighted Bill's Equipment and ® All Rights Reserved. No information shall be used wihtout written consent of Bill's Equipment. All trade names and logos referenced on this web site are the service mark, trademark or registered trademarks of their respective manufacturers.","raw/0055-bosch.html"
"https://billsequipment.mydomain.com/buffalotools.htm","https://billsequipment.mydomain.com/buffalotools.htm","200","text/html","Welcome to Bill's Equipment Online!","","Welcome to Bill's Equipment Online! Buffalo Tools Products Contact or visit store to purchase! All information found on BillsEquipment.com is © Copyrighted Bill's Equipment and ® All Rights Reserved. No information shall be used wihtout written consent of Bill's Equipment. All trade names and logos referenced on this web site are the service mark, trademark or registered trademarks of their respective manufacturers.","raw/0031-buffalotools.html"
"https://billsequipment.mydomain.com/concretemixers.htm","https://billsequipment.mydomain.com/concretemixers.htm","200","text/html","Welcome to Bill's Equipment Online!","","Welcome to Bill's Equipment Online! CONCRETE MIXERS (Click on each company logo to see other items we may have from each) (Click Me) Concrete mixer mod. S 380 - type S 95 - Big cabin strengthened complete with 4 shock-absorber to reduce vibrations - 2 pneumatic wheels diam. 550 x 15 complete with shock - absorber - Heavy duty reinforced tow bar complete with chain Contact or visit store to purchase! Characteristics Size Total capacity of tank 360 lt Working capacity 320 lt Weight with electric motor 240 kg Length 2,25 mt Width 1,10 mt Height 1,65 mt Power single phase electr. Motor 2,00 hp - 1,50 kw Power three phase electr. Motor 2,00 hp - 1,50 kw Power gasoline engine 7,00 hp - 5,10 kw Power diesel engine 9,00 hp - 6,60 kw Concrete mixer mod. S 380 - type S 95 - Big cabin strengthened complete with 4 shock-absorber to reduce vibrations - 2 pneumatic wheels diam. 550 x 15 complete with shock - absorber - Heavy duty reinforced tow bar complete with chain Data and sizes are not binding and the producer reserves itself to modify the machines without giving notice Hydraulic Concrete mixer mod. Hopper - S360 - Hydraulic mechanisms for easy operating of the drum and of the loading skip - Scraper connected by low tension plant (optional) - 4 pneumatic tyres (optional) - Litre-Conteur - Hydraulic weighing system - Charge ramp Contact or visit store to purchase! Characteristics Size Drum capacity 360 lt Hopper capacity 340 lt Work capacity 280 lt Water tank capacity 52 lt Mixing per hour 36 n Power of electric motor 4 hp Power of diesel engine - Weight with electric motor 810 kg Weight with diesel engine - Length 260 cm Width 190 cm Height 280 cm Data and sizes are not binding and the producer reserves itself to modify the machines without giving notice Hydraulic Concrete mixer mod. Hopper - S520 - Hydraulic mechanisms for easy operating of the drum and of the loading skip - Scraper connected by low tension plant (optional) - 4 pneumatic tyres (optional) - Litre-Conteur - Hydraulic weighing system - Charge ramp Contact or visit store to purchase! Characteristics Size Drum capacity 500 lt Hopper capacity 510 lt Work capacity 360 lt Water tank capacity 82 lt Mixing per hour 31 n Power of electric motor 5.5 hp Power of diesel engine 19 hp Weight with electric motor 1280 kg Weight with diesel engine 1150 kg Length 300 cm Width 200 cm Height 330 cm Data and sizes are not binding and the producer reserves itself to modify the machines without giving notice Hydraulic Concrete mixer mod. Hopper - S750 - Hydraulic mechanisms for easy operating of the drum and of the loading skip - Scraper connected by low tension plant (optional) - 4 pneumatic tyres (optional) - Litre-Conteur - Hydraulic weighing system - Charge ramp Contact or visit store to purchase! Characteristics Size Drum capacity 650 lt Hopper capacity 750 lt Work capacity 450 lt Water tank capacity 82 lt Mixing per hour 31 n Power of electric motor 7.5 hp Power of diesel engine 21 hp Weight with electric motor 1380 kg Weight with diesel engine 1250 kg Length 345 cm Width 200 cm Height 370 cm Data and sizes are not binding and the producer reserves itself to modify the machines without giving notice Hydraulic Concrete mixer mod. Skipper - S360 - Electro-hydraulic mechanisms that simplify at the most the user's work - Skip piston with oil anti-reflex valves that stop the oil falling even in case of damage of the hydraulic plant. - Charging ramp and scraper - 4 pneumatic tyres (optional) Contact or visit store to purchase! Characteristics Size Drum capacity 360 lt Hopper capacity 340 lt Work capacity 310 lt Water tank capacity 52 lt Mixing per hour 33 n Power of electric motor 2 hp Power of diesel engine 7 hp Weight with electric motor 730 kg Weight with diesel engine 600 kg Length 190-210 cm (diesel) Width 190-210 cm (diesel) Height 260 cm Pneumatic tyres size 145R15 2 Data and sizes are not binding and the producer reserves itself to modify the machines without giving notice Hydraulic Concrete mixer mod. Skipper - S520 4PT - Electro-hydraulic mechanisms that simplify at the most the user's work - Skip piston with oil anti-reflex valves that stop the oil falling even in case of damage of the hydraulic plant. - Charging ramp and scraper - 4 pneumatic tyres (optional) Contact or visit store to purchase! Characteristics Size Drum capacity 520 lt Hopper capacity 470 lt Work capacity 420 lt Water tank capacity 62 lt Mixing per hour 33 n Power of electric motor - Power of diesel engine 8 hp Weight with electric motor - Weight with diesel engine 770 kg Length 220 cm Width 210 cm Height 290 cm Pneumatic tyres size 145R15 2 Data and sizes are not binding and the producer reserves itself to modify the machines without giving notice (Click Me) Contact or visit store to purchase! Concrete Mixer - 125cm Diesel Largest Heavy Duty Side Dump For those jobs that require maximum mixing capacity and high performance. Built to handle heavy loads with an unheard of 1/2 yard capacity. Complete with B78 x 13 (25"" dia.) high speed tires, tapered roller bearings, 56"" wide axle with cantilever springs, 2-3/8"" O.D., 7/32"" thick towpole with safety chain, pintle style hitch, 24"" dia. handwheel, oversized paddles, chain drive and dump lock, spacious cowl for maximum ventilation. Big 40"" diameter thick steel drum Concrete Mixer - 95cm Diesel Large Heavy Duty Side Dump A generous 9 cu. ft. capacity for large batches. Complete with B78 x 13 (25"" dia.) high speed tires, tapered roller bearings, 56"" wide axle with cantilever springs, 2-3/8"" O.D., 7/32"" thick towpole with safety chain, pintile style hitch, 24"" dia. handwheel, chain drive and dump lock, spacious cowl for maximum ventilation. Big 36"" diameter thick steel drum Contact or visit store to purchase! Contact or visit store to purchase! Mortar Mixer - 855pm Gas Deluxe Mid Range 8 cu. ft., 2-1/2 to 3 bag capacity - HIGH DUMP MIXER Front post hand clutch. Extendible axle (34"" to 46""). High speed B78 x 13 (25"" dia.) turnpike tires. Rubber blades and safety chain standard. Many more to choose from.... Contact Us All information found on BillsEquipment.com is © Copyrighted Bill's Equipment and ® All Rights Reserved. No information shall be used wihtout written consent of Bill's Equipment. All trade names and logos referenced on this web site are the service mark, trademark or registered trademarks of their respective manufacturers.","raw/0043-concretemixers.html"
"https://billsequipment.mydomain.com/concretepumps.htm","https://billsequipment.mydomain.com/concretepumps.htm","200","text/html","Welcome to Bill's Equipment Online!","","Welcome to Bill's Equipment Online! Concrete Pumps (Click on each company logo to see other items we may have from each) (Click Me) Concrete Pump (C-30HDN) Mayco invented the small-line concrete pump and our pump line features an astounding array of standard and optional features. The C-30HDN, after 40 years of production, is still the most popular pump on the market. This mechanical unit pumps up to 25-cubic yards (19-cubic meters) of concrete an hour with the strength of a 46-horsepower Nissan gasoline engine. The C-30HDN is ideal for shotcrete applications of stiff, low slump mixes such as swimming pools, ditch linings, soil stabilization and walls. It pumps a maximum aggregate of 0.5-inch minus (12 mm.) and comes standard with a remote control for easy operation. Contact or visit store to purchase! Contact or visit store to purchase! Mid-Range Concrete Pump (LS-40) Big pump performance. Reasonably priced. *Big pump performance. Reasonably priced. *Variable volume output from 0 to 40+ cubic yards per hour (0 to 35 m³/hr) *Designed to handle the larger 3/4"", 1"" and up to 1 1/2"" aggregate (38 mm) *Concrete piston face pressure of 925 psi (64 bar) *60-HP or 75.5-HP Deutz diesel engines *Extremely versatile—use for refractory, shotcrete, masonry block fill, slabs, footings, lightweight mixes *True reverse shuttle tube pumping—for smoother operation *Full flow, cast steel shuttle-tube for longer life *Hard-faced wear components for longer life and lower maintenance costs Many more to choose from.... Contact Us All information found on BillsEquipment.com is © Copyrighted Bill's Equipment and ® All Rights Reserved. No information shall be used wihtout written consent of Bill's Equipment. All trade names and logos referenced on this web site are the service mark, trademark or registered trademarks of their respective manufacturers.","raw/0045-concretepumps.html"
"https://billsequipment.mydomain.com/contact.htm","https://billsequipment.mydomain.com/contact.htm","200","text/html","Welcome to Bill's Equipment Online!","","Welcome to Bill's Equipment Online! Contact Information Here you will have the option of either contacting us through our online form, contacting us through telephone, or if you would like, by sending a simple e-mail. If you have any questions or comments for Bills Equipment, simple fill out the form below, and we will get someone to assist you as soon as we possibly can. Expect the top notch customer service when dealing with Bills Equipment, where we treat you like family. E-mail : earenas@billsequipment.net Telephone : 305-591-3933 Fax : 305-593-2936 Mailing Address : 3500 NW 115th Ave, Doral, FL 33178 View Map Wire Transfer Information Bills Equipment offers you the ability to use wire transfer as a payment option. Please contact us via phone or email for wire transfer information. We would be happy to take care of you! Contact Form Your Info Full Name: Company: Location: Phone: E-mail Address : Comments: All information found on BillsEquipment.com is © Copyrighted Bill's Equipment and ® All Rights Reserved. No information shall be used wihtout written consent of Bill's Equipment. All trade names and logos referenced on this web site are the service mark, trademark or registered trademarks of their respective manufacturers.","raw/0005-contact.html"
"https://billsequipment.mydomain.com/contactmanufaturer.htm","https://billsequipment.mydomain.com/contactmanufaturer.htm","200","text/html","Welcome to Bill's Equipment Online!","","Welcome to Bill's Equipment Online! Contact Us for more info on these manufacturers: All information found on BillsEquipment.com is © Copyrighted Bill's Equipment and ® All Rights Reserved. No information shall be used wihtout written consent of Bill's Equipment. All trade names and logos referenced on this web site are the service mark, trademark or registered trademarks of their respective manufacturers.","raw/0010-contactmanufaturer.html"
"https://billsequipment.mydomain.com/edco.htm","https://billsequipment.mydomain.com/edco.htm","200","text/html","Welcome to Bill's Equipment Online!","","Welcome to Bill's Equipment Online! EDCO PRODUCTS Grinders and Accessories Contact or visit store to purchase! Features *Will grind appox. 350-500 Sq. ft/hr at 1/32"" with EDCO Dyma-Serts. *22"" working width *Gas, electric & propane power options available *Includes 2 multi-accessory discs, which accept Dyma-Serts, Strip-Serts and all other grinder accessories *Counter-rotating discs prevent machine from pulling side to side - and give operator greater control *6 grinding accessories required per loading Ideal for *Large or small areas *Light grinding or cleaning of concrete surfaces *Leveling uneven joints *Removing mastics, thin-set, high spots, epoxies and urethanes *Lightly texturing slippery concrete surfaces Dyma Serts are diamond segments welded to a backing plate to improve grinding speed and remove tough coatings. Dyma-Serts grind 5 times faster than grinding stones and last longer - up to 30,000 square feet (2,800 sq m) of grinding action. Dyma-Serts can be used for wet or dry grinding. Ideal for: *Smoothing rough surfaces or trowel marks *Grinding or polishing terrazo *Repairing surface damage to concrete slabs *Removing urethane or epoxy thincoats *Grinding sharp aggregates such as flint and granite *Removing surface imperfections from epoxy mortars *Leveling high spots *Removing thin mastics and thin-set Contact or visit store to purchase! Contact or visit store to purchase! Grinding Stones have various grits for course or fine polishing. Ideal for: Removing trowel marks Removing rain spots Leveling high joints less than 1/16"" high Removing excess concrete Smoothing rough finishes Grinding and polishing terrazzo and marble Wire Brushes are flat steel strips mounted in wooden blocks. Ideal for: Removing deposits of grease, wax, ink or food products Breaking up rubber-backed carpeting Contact or visit store to purchase! Contact or visit store to purchase! Silibide Pads are ideal for scrubbing: *Concrete *Stone *Metal *Brick *Wood *Tile floors Strip-Serts are carbide tipped blocks designed to clean floors without grinding into the concrete. Strip-Serts have a replaceable, multisided tungsten carbide edge that can be rotated for maximum use. Ideal for: Removing mastics, paints, resins, tar, fiberglass, ice and industrial buildups Contact or visit store to purchase! Contact or visit store to purchase! Scarifier Assemblies are high carbon steel cutter assemblies in steel cases. - Standard cutters last 3 to 6 hours - Heavy-duty cutters last 8 to 12 hours Ideal for : *Breaking up hard surfaced deposits of oil-dri, fiberglass, grout or plaster *Removing concrete buildup *Leveling brick or wood block floors *Initial grinding of rough, broom-finished concrete *Preparing surfaces for overlayments *Tile floors *Texturing slippery floors The Surfacer Disc assembly is easily assembled for heavy-duty surface build-up removal. The cutter wheels can be positioned to meet removal needs. Ideal for: Removal of industrial build-ups, tar, rubber, fiberglass, grout or plaster Roughening concrete Grinding asphalt Contact or visit store to purchase! Other Products Scarifier Features *Up to 8"" working width (20 cm) *Up to 1/8"" working depth per pass (3 mm) *Power source over drum to eliminate vibration and maximize surface contact *Compact design *Front-mounted lifting handle makes loading and unloading easy *Vacuum port equipped *Water misting system standard Ideal for *Sidewalk repair *Coating removal *Floor preparation or cleaning *Creating nonslip surfaces *Traffic line removal Performance *350-500 sq ft/hr - (33-46 sq m/hr) at a depth of 1/8"" (3 mm) Contact or visit store to purchase! Contact or visit store to purchase! Scabbler Features: *Delivers 1,200 hits per minute for fast surface removal *Requires only 160 CFM at 100 PSI *Heavy-duty 1/4"" steel frame *Wide T-Grip Handle and 8"" wheels for superior balance and handling *3"" Vacuum Port for dust-free operation *Automatic in-line oiler *WHIPCHEK Cable assures safe air hose hookup Ideal for *Removing spalling concrete *Roughening surfaces for new overlayments *Reducing high spots *Creating wheelchair access ramps *Removing epoxy *Creating slip-resistant surfaces *Texturing parking garage ramps *Removing loose or deteriorated concrete Performance 5 Scabbler heads provide 11 1/2"" working width – Remove up to 250 square feet of concrete per hour Contact or visit store to purchase! Big Stick Features *High-strength tubular handle and soft foam hand grips for operator comfort *Extra large piston for harder hitting action *Quick-change, hardened steel tool chuck accepts Big *Stick accessories *Big Stick available in heavy-duty steel or lightweight aluminum *Requires 12-15 CFM at 90 PSI Big Stick Removes Tiles (vinyl, ceramic, quarry...), Carpeting, Roofing, materials, Fireproffing, Rubber coatings, Waterproofing, Linoleum, Insulation, Asbestos, Mastics, Paint buildup, Ice ALR-5 Ergo Features *Ergonomic design lets operator stand upright eliminating backaches *High-strength tubular handle and soft foam hand grips for operator comfort *Quick-change, hardened steel tool chuck accepts dozens of accessories *Available in heavy-duty steel or lightweight aluminum *Requires only 6-8 CFM at 80-90 PSI ALR-5 Ergo Removes Tiles (vinyl, ceramic, quarry...), Carpeting, Roofing, materials, Fireproffing, Rubber coatings, Waterproofing, Linoleum, Insulation, Asbestos, Mastics, Paint buildup, Ice Contact or visit store to purchase! Contact or visit store to purchase! ALR Models Features Quick-change, hardened steel tool chuck accepts dozens of accessories Available in heavy-duty steel or lightweight aluminum Requires only 6-8 CFM at 80-90 PSI ALR Models Remove Tiles (vinyl, ceramic, quarry...), Carpeting, Roofing materials, Fireproffing, Rubber coatings, Waterproofing, Linoleum, Insulation, Asbestos, Mastics, Paint buildup, Ice EDCO's easy-to-use Traffic Line Remover can be pushed or pulled by one person in congested or limited access areas such as city streets, crosswalks and school safety zones. Move the unit side to side for feathered-edge patterns that weather quickly and blend with the undisturbed road surface. Ideal for Removing thermoplastic lines Removing epoxies Removing paints Contact or visit store to purchase! All information found on BillsEquipment.com is © Copyrighted Bill's Equipment and ® All Rights Reserved. No information shall be used wihtout written consent of Bill's Equipment. All trade names and logos referenced on this web site are the service mark, trademark or registered trademarks of their respective manufacturers.","raw/0011-edco.html"
"https://billsequipment.mydomain.com/finishers.htm","https://billsequipment.mydomain.com/finishers.htm","200","text/html","Welcome to Bill's Equipment Online!","","Welcome to Bill's Equipment Online! FINISHERS (Click on each company logo to see other items we may have from each) (Click Me) Contact or visit store to purchase! Contact or visit store to purchase! Finishing Brooms * Perfect for brushing down concrete after floating *Available in aluminum and wood heads *Width choice of 24"", 36"" or 48"" *Brooms accept wood or aluminum extension handles Many more to choose from.... Contact Us All information found on BillsEquipment.com is © Copyrighted Bill's Equipment and ® All Rights Reserved. No information shall be used wihtout written consent of Bill's Equipment. All trade names and logos referenced on this web site are the service mark, trademark or registered trademarks of their respective manufacturers.","raw/0054-finishers.html"
"https://billsequipment.mydomain.com/gatorzglasses.htm","https://billsequipment.mydomain.com/gatorzglasses.htm","200","text/html","Welcome to Bill's Equipment Online!","","Welcome to Bill's Equipment Online! Gatorz Glasses Radiator Series Contact or visit store to purchase! The Gatorz Aircraft Billet Aluminum Radiator Sunglass style is fantastic for the person who wants extremely durable sunglasses and great wrap-around sun and wind protection. They fit very tightly to the face to keep the sunglasses on during activity while looking Bad to the Bone. Precision Tune to your individual face. The Radiator is ideal for Motorcycle riding and outdoor sports. #1 amongst Harley and Sport Bike riders The Ultimate in Coolness! Gatorz Sunglasses are Carved out of Billet Metal Aircraft Grade Aluminum for the Strongest Frame Construction. Superior Wind and Sun protection while riding or walking around town with a look that can't be beat. Rest assured with the Life-Time Rebuild Warranty. This Radiator is the #1 Style for Bikers. Demora is one of the newest and most innovative Gatorz designs. Made of the same light-weight, high-performance Aircraft Aluminum as all other Gatorz sunglasses, this model has a sporty angled lens shape that is great for racing around or riding your Hog. Very hot, yet very cool. Just ask winning CART racer Michael Andretti! Gatorz Sunglasses are Carved out of Billet Metal Aircraft Grade Aluminum for the Strongest Frame Construction Demora Series Contact or visit store to purchase! Billet Series Contact or visit store to purchase! The Billet style is fantastic for the active person who wants extremely durable sunglasses and the best wrap-around sun and wind protection. They fit very tightly to the face to keep the sunglasses on during activity and the wind and dirt out. Precision-tune to your individual face. These are the best sellers for outdoor sports. The Billet style is fantastic for the active person who wants extremely durable sunglasses and the best wrap-around sun and wind protection. They fit very tightly to the face to keep the sunglasses on during activity and the wind and dirt out. These are the best sellers for outdoor sports. Great for Night time or low light condition use. The Gatorz Bat Ray is another new design, and like all Gatorz sunglasses, it's made of light-weight, high-performance Aircraft Billet Aluminum. These sleek frames have a smooth, cool look that flatters. Whether shading your eyes, sitting atop your head, or dangling from your shirt, Gatorz Bat Rays will set you apart. The Black Frames with Purple lenses is the #1 choice for women. The Gatorz Bat Ray is another new design, and like all Gatorz sunglasses, it's made of light-weight, high-performance Aircraft Billet Aluminum. These sleek frames have a smooth, cool look that flatters. Whether shading your eyes, sitting atop your head, or dangling from your shirt, Gatorz Bat Rays will set you apart. Bat Ray Series Contact or visit store to purchase! *NEW* Stealth Series Contact or visit store to purchase! The new Stealth is made of the same light-weight, high-performance Aircraft Aluminum as all other Gatorz sunglasses. The swept lines across the frame's top and the smooth curves of the lenses give these sunglasses a distinctive look. And unlike the their name, these hot sunglasses won't make you invisible. Gatorz Sunglasses are Carved out of Billet Metal Aircraft Grade Aluminum for the Strongest Frame Construction Contact Us for more info.... All information found on BillsEquipment.com is © Copyrighted Bill's Equipment and ® All Rights Reserved. No information shall be used wihtout written consent of Bill's Equipment. All trade names and logos referenced on this web site are the service mark, trademark or registered trademarks of their respective manufacturers.","raw/0038-gatorzglasses.html"
"https://billsequipment.mydomain.com/genie.htm","https://billsequipment.mydomain.com/genie.htm","200","text/html","Welcome to Bill's Equipment Online!","","Welcome to Bill's Equipment Online! `` Lifts Contact or visit store to purchase! Portable material lift for construction and industrial applications. The Superlift Contractor is an ideal tool for construction firms and every kind of contractor. Standard Features: Heavy duty design, yet lightweight and portable. Quick setup requires no tools. Loads easily into a pickup truck for transporting. Rear transport wheel assembly. 4 in (10 cm) front casters and 5 in (13 cm) rear casters with side brakes are standard. Hold-down bar holds mast assembly in place during transport. SLC™ The Genie Aerial Work Platform AWP line emphasizes portability and ease of operation. Reach working heights of up to 46 ft 3 in (14.3 m). Choose Standard, Narrow or Rough Terrain base models. AC, DC or Airmotor power options. Standard Features *Rocker Base System *Ground and platform controls with auxiliary platform lowering *Small outrigger footprints *Easy loading *Doorway access *Outrigger storage pockets *Sturdy tie-downs Contact or visit store to purchase! Z-45/25 DC/Bi-Energy Contact or visit store to purchase! Standard Features *Over 51 ft (15.8 m) working height *Over 24 ft (7.3 m) horizontal reach *Up and over clearance of over 22 ft (6.7 m) *5 ft (1.5 m) turning radius *500 lb (227 kg) lift capacity *Fully proportional controls *180° hydraulic platform rotation on Z-45/25 models *160° hydraulic platform rotation on Z-45/25J models *24V DC auxiliary power unit *Drive enable system *End mount platform on Z-45/25J models *AC wiring to platform *Tilt alarm *Horn *Hour meter Make short work of big jobs. With an extended reach, models with jibs, and a variety of outstanding performance features, the Z-45/25 DC/Bi-Energy handles the most challenging high-reach jobs. The revolutionary Genie Bi-Energy system combines the quiet, emission-free and efficient operation of a 48V DC machine with the versatility of a diesel generator powered machine to provide a boom that is ideal for indoor and outdoor applications. Quick and Maneuverable The Z-45/25’s enhanced design helps get you where you need to go, quickly and easily. The new 5 ft (1.52 m) inside turning radius delivers excellent maneuverability. Z-45/25J models with a 5 ft (1.52 m) articulating jib boom are also available to provide a 135° range of motion. Large Platform with Hydraulic Rotation The standard 6 ft (1.83 m) all-steel platform lifts up to 500 lb (227 kg). Dimensions of 30 x 72 in (76 cm x 1.83 m) allow ample space for two workers and their tools. Platform features a 180° hydraulic rotation for Z-45/25 models and a 160° hydraulic rotation for Z-45/25J models. Also includes automatic platform leveling with a manual hydraulic override system and an AC power outlet. Standard Features *66 ft (20.1 m) working height *34 ft (10.4 m) horizontal reach *500 lb (227 kg) lift capacity *Dual fuel (Gas/LPG) or diesel engine options *Fully proportional platform controls with ramp up/down feature *Hydraulic platform rotation *360° continuous turntable rotation *12V DC auxiliary power unit *Fuel select switch on platform and ground controls (Gas/LPG models) *Closed-loop hydrostatic drive *Positive traction drive *Drive enable system *High-angle steer *Self-leveling platform *Locking turntable covers *Anti-restart engine protection *Auto engine fault shutdown *Engine monitoring gauges *AC wiring to platform *Tilt alarm *Horn *Hour meter Z-60/34 Contact or visit store to purchase! S-80 Contact or visit store to purchase! Standard Features *S-80 has 86 ft (26.4 m) working height *S-85 has 91 ft (27.9 m) working height *S-80 has 72 ft (21.9 m) horizontal reach *S-85 has 77 ft (23.4 m) horizontal reach *Up to 600 lb (272 kg) lift capacity on the S-80 *500 lb (227 kg) lift capacity on the S-85 *Extendable axles operated from the platform *Dual extended cylinders *Dual fuel (Gas/LPG) or diesel engine options *Fully proportional platform controls with ramp up/down feature *Hydraulic platform rotation *360° continuous turntable rotation *12V DC auxiliary power *Fuel select switch on platform and ground control panels (Gas/LPG models) *Closed-loop hydrostatic drive *Positive traction drive *Drive enable system *Self-leveling platform *Rough terrain air tires *Locking turntable covers *Anti-restart engine protection *Auto engine fault shutdown *AC wiring to platform *Wire braided hose *Tilt alarm *Horn *Hour meter Standard Features *S-100 has 106 ft (32.5 m) working height *Industry-leading outreach of 75 ft (22.9 m) *750 lb (340 kg) lift capacity *Four-wheel drive with four-wheel brakes *Extendable axles, operated from platform *Three diesel engine options *8 ft (2.44 m) steel platform *Fully proportional platform controls with ramp up/down feature *Hydraulic platform rotation *360° continuous turntable rotation *12V DC auxiliary power *Closed-loop hydrostatic drive *Positive traction drive *Drive enable system *Self-leveling platform *Onboard full diagnostics *Anti-restart engine protection *Auto engine fault shutdown *Hydraulic oil cooler *Engine monitoring display *AC wiring to platform *Foam-filled tires S-100 Contact or visit store to purchase! S-120 Contact or visit store to purchase! Standard Features *S-120 has 126 ft (38.6 m) working height *Industry-leading outreach of 75 ft (22.9 m) *750 lb (340 kg) lift capacity *Four-wheel drive with four-wheel brakes *Four-wheel steer includes front, rear, crab and coordinated steer functions *Extendable axles, operated from platform *Three diesel engine options *8 ft (2.44 m) steel platform *Fully proportional platform controls with ramp up/down feature *Hydraulic platform rotation *360° continuous turntable rotation *12V DC auxiliary power *Closed-loop hydrostatic drive *Positive traction drive *Drive enable system *Self-leveling platform *Onboard full diagnostics *Anti-restart engine protection *Auto engine fault shutdown *Hydraulic oil cooler * Engine monitoring display *AC wiring to platform *Foam-filled tires *Wire braided hose *Tilt alarm *Horn *Hour meter Standard Features *GS-1530 has 21 ft (6.5 m) working height and GS-1930 has 25 ft (7.8 m) working height *39 in (1 m) roll-out platform extension *Compact 30 in (76 cm) width *600 lb (272 kg) lift capacity for the GS-1530 and 500 lb (227 kg) lift capacity for the GS-1930 *Compact design *Automatic 25 amp battery charger *Proportional controls for lift and drive functions *Multiple disc brakes provide smooth deceleration *Drive speed interlock limits speed while elevated *Emergency stop at both platform and ground controls *Manual platform lowering valve *Manual brake release *Pothole guards *Non-marking tires *AC wiring to platform *Tilt level sensor with an audible alarm *Beeper horn *Hour meter GS-1930 Contact or visit store to purchase! GS-2632 Contact or visit store to purchase! Standard Features *GS-2632 has 32 ft (9.92 m) working height *39 in (1 m) roll-out platform extension *Compact 32 in (81.3 cm) width *500 lb (227 kg) lift capacity *Proportional controls for lift and drive functions *Automatic 25 amp battery charger *Manual platform lowering valve *Emergency stop switches at both platform and ground controls *Drive speed interlock limits speed while elevated *Multiple disc brakes provide smooth deceleration *Manual brake release *Pothole guards *Non-marking tires *AC wiring to platform *Tilt sensor with an audible alarm *Beeper horn *Hour meter Standard Features *26 ft (8.1 m) working height *Compact 32 in (81 cm) width *800 lb (363 kg) lift capacity *39 in (1 m) rollout platform extension *Proportional controls for lift and drive functions *AC outlet to platform *Multiple disc brakes provide smooth deceleration GS-2032 Contact or visit store to purchase! GS-3246 Contact or visit store to purchase! Standard Features *39 in (1 m) roll-out platform extension *Proportional controls for lift and drive functions *AC wiring to platform *Multiple disc brakes provide smooth deceleration *Manual platform lowering valve *Tilt sensor with an audible alarm *Pothole guards *Emergency stop switches at both platform and ground controls *Automatic 25 amp battery charger *Manual brake release *Non-marking tires *Hour meter Standard Features *GS-4390 has 49 ft (14.9 m) working height and GS- 5390 RT has *59 ft (18 m) working height *1,500 lb (680 kg) load capacity *Positive traction-controlled four-wheel drive *50% gradeability *Proportional drive *Two-speed lift functions *Troubleshooting diagnostics *Two self-closing entry gates *Foam-filled tires *AC wiring to platform *Descent alarm *Tilt sensor with an audible alarm *Horn *Hour meter GS-4390 Contact or visit store to purchase! TZ-34/20 Contact or visit store to purchase! Standard Features *12.36 m (40 ft) working height *6.1 m (20 ft) horizontal reach *200 kg (440 lb) lift capacity *Outrigger interlocks *Hydraulic outriggers *Automatic levelling system *Proportional speed control system *Dual pneumatic jockey wheels *Tilt alarm/sensor *AC wiring to platform *Mechanical surge brakes *Parking brake *Hour meter All information found on BillsEquipment.com is © Copyrighted Bill's Equipment and ® All Rights Reserved. No information shall be used wihtout written consent of Bill's Equipment. All trade names and logos referenced on this web site are the service mark, trademark or registered trademarks of their respective manufacturers.","raw/0012-genie.html"
"https://billsequipment.mydomain.com/hardwareshop.htm","https://billsequipment.mydomain.com/hardwareshop.htm","200","text/html","Welcome to Bill's Equipment Online!","","Welcome to Bill's Equipment Online! Hardware Shop Our extensive hardware has almost anything you can ask for. From plumbing to tools to signs to equipment. You name it, we got it! Contact us for any hardware questions you may have or orders you would like to place. All information found on BillsEquipment.com is © Copyrighted Bill's Equipment and ® All Rights Reserved. No information shall be used wihtout written consent of Bill's Equipment. All trade names and logos referenced on this web site are the service mark, trademark or registered trademarks of their respective manufacturers.","raw/0004-hardwareshop.html"
"https://billsequipment.mydomain.com/honda.htm","https://billsequipment.mydomain.com/honda.htm","200","text/html","Welcome to Bill's Equipment Online!","","Welcome to Bill's Equipment Online! Honda Products Engines Contact or visit store to purchase! GX160 A 5.5 HP, OHV horizontal-shaft engine with electronic ignition and Oil Alert® Applications Air compressors, Generators, Pumps Pressure washers, Reel-type lawn mowers, Go-Karts, Agricultural equipment, Chipper/Shredders, Small construction equipment, Concrete saws Other Models Available GX240 An 8HP OHV horizontal-shaft engine with electronic ignition and Oil Alert®. Applications Cement mixers and trowels, Air compressors, Water pumps, Agricultural equipment, Blowers/vacs, Pressure washers, Generators, Go-Karts, Concrete saws, Chippers/shredders, Plus many other construction applications Other Models Available Contact or visit store to purchase! Contact or visit store to purchase! GX340 A 11 HP OHV vertical-shaft engine with easy-maintenance features, Oil Alert® adn electronic ignition. Applications Commercial turf equipment, Lawn tractors, Floor buffers (propane), Riding mowers, Blower/vacs Other Models Available GX390 A 13 HP OHV horizontal-shaft engine with automatic decompression for easy starting. The 13HP is the largest workhorse in our line of industrial engines. Applications Lawn tractors, Pressure washers, Go-Karts, Trenchers, Agricultural equipment, Chipper/shredders, Air compressors, Concrete saws, Variety of construction equipment Other Models Available Contact or visit store to purchase! Water Pumps Contact or visit store to purchase! WX 10 1 inch pump This quiet operating, 4 cycle Honda powered water pump with 40 gallon per minute performance is an excellent choice for homeowners, gardeners and boat owners. Multi-Purpose Pump The Honda Multi-Purpose Pump is the choice when pumping of approved industrial and agriculture chemicals is required. This pump is equipped with EPDM seals and a rugged fiberglass reinforced polyester housing to ensure reliable operation while pumping approved chemicals. Contact or visit store to purchase! Portable Generators Contact or visit store to purchase! EU1000 Honda’s advanced inverter technology makes these generators extremely quiet, lightweight, portable and fuel-efficient. Honda’s Inverter Technology creates ""clean"" or stable power – making these generators ideal for sensitive electronic equipment. Not to mention tailgating, camping and anywhere else in the great outdoors! Economy Generators EG2500 Thanks to Honda’s legendary OHV commercial grade engine and superior alternator components, the Honda EG2500 generator can provide quality power and performance required in commercial applications. This generator is housed in a protective tube frame and offers commercial grade toughness at a value price. Commonly used on job sited for basic power requirements while operating professional saws and drills. Contact or visit store to purchase! Line Trimmers Contact or visit store to purchase! The Shindaiwa T350 Features * Shindaiwa-built premium 2-cycle engine *l-piece electronic ignition *Chrome-plated cylinder *2-ring piston *TK slide-valve carburetor for all-position operation and smooth power *Forced-air cooling, discharged away from operator *Spark arrestor muffler with replaceable screen *High-carbon steel mainshaft with splined ends reduces vibration and operator fatigue *Heavy-duty gear case with helical gears for smooth power transfer *Easy-access stop switch *Aircraft-grade aluminum outer tube *Heavy-duty debris shield The Shindaiwa T272X The T272X delivers outstanding power for heavy-duty applications. Features *Shindaiwa-built premium 2-cycle engine *1-piece electronic ignition *Chrome-plated cylinder *Forced-air cooling, discharged away from operator *Spark arrestor muffler with replaceable screen *Walbro barrel-valve carburetor for all-position operation and smooth power *High-heat resistant Nickel-Boron plated piston *Automatic centrifugal clutch *2-ring piston *Full anti-vibration system *Carbon steel mainshaft with splined ends reduces vibration and operator fatigue *Heavy-duty gearcase with helical gears for smooth power transfer *Easy-access stop switch *Aircraft-grade aluminum outer tube *Heavy-duty debris shield Contact or visit store to purchase! Contact or visit store to purchase! The Shindaiwa T261 Features *Shindaiwa-built premium 2-cycle engine *1-piece electronic ignition *Chrome-plated cylinder *Forced-air cooling, discharged away from operator *Spark arrestor muffler with replaceable screen *Stainless steel tank guard *Easy access stop switch *Automatic centrifugal clutch *2-ring piston *Full anti-vibration system *Carbon steel mainshaft with splined ends reduces vibration and operator fatigue *Heavy-duty gearcase with helical gears for smooth power transfer *Aircraft-grade aluminum outer tube *Heavy-duty debris shield The Shindaiwa T231 Features *Shindaiwa-built premium 2-cycle engine *1-piece electronic ignition *Chrome-plated cylinder *Forced-air cooling, discharged away from operator *Spark arrestor muffler with replaceable screen *Stainless steel tank guard *Walbro barrel-valve carburetor for all-position operation and smooth power *Easy access stop switch *Automatic centrifugal clutch *2-ring piston *Full anti-vibration system *Carbon steel mainshaft with splined ends reduces vibration and operator fatigue *Heavy-duty gearcase with helical gears for smooth power transfer *Aircraft-grade aluminum outer tube *Heavy-duty debris shield Contact or visit store to purchase! Articulated Hedge Trimmers Contact or visit store to purchase! AH 231 Articulated Double-Sided Hedge Trimmer Features *Shindaiwa-built premium 2-cycle engine *Walbro WYL-26A carburetor with primer *Chrome-plated cylinder *2-ring piston *One-piece transistor-controlled ignition system *Adjusts to 10 different positions through a range of 150º *Efficient, double-sided cutter *Silenced air cleaner *Convenient controls Sprayers SP210 Hand Held Sprayer Features *Constructed of high-density, UV-protected polyethylene to resist most chemicals *Viton®, chemically resistant seals *Angled ""quick-fill"" lid *Tethered lid helps prevent dirt from entering into the tank Contact or visit store to purchase! Contact or visit store to purchase! SP300 Backpack Sprayer Features *Constructed of high-density, UV-protected polyethylene to resist most chemicals *Viton®, chemically resistant seals *In-tank pumping system, minimizing leaks *Deluxe padded shoulder straps SP415 Backpack Sprayer Features *Constructed of high-density, UV-protected polyethylene to resist most chemicals *Viton®, chemically resistant seals *In-tank pumping system, minimizing leaks *Deluxe padded shoulder straps Contact or visit store to purchase! Chain Saws Contact or visit store to purchase! The Shindaiwa 357 Top Handle Features *Shindaiwa-built premium 2-cycle engine *USFS-approved muffler and spark arrestor *Easy-access air filter *Top-handle balanced design *Inertial chain brake *High-torque reed valve design *2-ring piston *Turbo port air injection system *All position operation *Light weight construction *Ultra quiet *Full anti-vibration system The Shindaiwa 300S HomePro Features *Shindaiwa-built premium 2-cycle engine *Electronic ignition *Walbro WYM boot-mounted carburetor *USFS-approved spark arrestor muffler *5-point anti-vibration system *Easy access air filter *Fully adjustable, automatic chain oiling pump *Chrome-plated cylinder *Chain brake *High-impact glass filled nylon rear handle and recoil housing *Chain catcher Contact or visit store to purchase! Contact or visit store to purchase! The Shindaiwa 377 Features *Shindaiwa-built premium 2-cycle engine *High-torque engine *1-piece electronic ignition *Externally-adjustable, boot-mounted Walbro WT carburetor *4-bolt muffler *5-point anti-vibration system *Fully adjustable, automatic chain oiling pump *Aluminum alloy front handle bar *Chain brake *Chain catcher *Hand guard *2-bar studs The Shindaiwa 488 Features *Shindaiwa-built premium 2-cycle engine *1-piece electronic ignition *Externally-adjustable, boot-mounted Walbro carburetor *USFS-approved spark arrestor muffler *5-point anti-vibration system *Chain brake *High-torque engine *Ultra-high chain speed *Rubber-coated chain catcher *Fully adjustable, automatic chain oiling pump *Hand guards *Rim-type sprocket Contact or visit store to purchase! Contact or visit store to purchase! The Shindaiwa 360 Features *Shindaiwa-built premium 2-cycle engine *Electronic ignition *Externally-adjustable, boot-mounted Walbro WT carburetor *3-shoe centrifugal clutch *5-point anti-vibration system *Aluminium alloy front handlebar *Chain brake *Fully adjustable, automatic chain oiling pump *Chain catcher *Front and rear hand guards *2-ring piston *High-impact nylon rear handles and recoil The Shindaiwa 757 Features *Shindaiwa-built premium 2-cycle engine *Fully adjustable and automatic chain oiling pump *Pressed-in bar studs *PowerPro Air filter system *Heavy-duty cooling *1-piece electronic ignition *Externally-adjustable, boot-mounted Walbro HDA carburetor *Full anti-vibration system *Inertial chain brake *Chain catcher *2-ring piston *Outboard sprocket Contact or visit store to purchase! Cut Off Saws Contact or visit store to purchase! The Shindaiwa EC7500 Features *Powerful 73.5cc displacement, 4.5 hp (3.6 kW) Shindaiwa-built engine *High torque transmission reduction system for excellent cutting performance *Unique sealed recoil starter to keep out abrasive concrete dust *Sealed multi-staged air filter system *Engine decompression valve for easy starting *Easy, convenient drive belt tensioning system with external indicator *Soft rubber inserts in rear handle for maximum operator comfort *Full 6-point anti-vibration system *20/22/25.4 mm collar adaptors included *Includes abrasive wheel *12"" (EC7500, and 14"" (EC7600) cut-off saw wheels available *Designed for lowest possible down time *Meets all current EPA requirements Yamaha Generators Yamaha EF1000 The EF1000 is the most popular Yamaha generator — and no wonder. It's extremely quiet and offers 120V AC and 12V DC — that's why it's a real hit with all types of outdoor adventurers. The EF1000 is small, easy to carry and can run a microwave, washing machine or small refrigerator. This quiet generator can run for over six hours without refueling. It delivers 1000 watts of maximum AC output with outstanding fuel efficiency. Built-in handle makes carrying a snap. Includes 12-volt DC output with protector for charging 12-volt batteries at 10-amp charge rate (charge cables included). Contact or visit store to purchase! Contact or visit store to purchase! Yamaha EF4600DE The EF4600DE is a true workhorse — and it represents a genuine value. This is the lowest-priced full-feature generator that is capable of running multiple appliances all at once. In addition, it can be converted to run on propane or LP gas — that makes it appealing to cabin owners. The electric-starting EF4600DE (with automatic choke and recoil backup) uses a 301cc, 4-stroke, OHV engine to deliver full-time dual-voltage (120/240V) power for over 10 hours of continuous running on a tank of gas. Fuel-saving automatic idle control lowers engine speed when generator is at no load. Yamaha EF6600DE When your customer wants a lot of power, then the EF6600DE is a logical choice. It's capable of running most homes in an emergency situation... and it can be converted to run on propane or LP gas. The EF6600DE has the same exterior dimensions as the EF4600DE, yet it delivers 2,000 watts more power. The EF6600DE uses a 357cc, 4-stroke, OHV engine to produce serious, full-time dual-voltage power to take on heavy-load tasks like air conditioners and refrigerators. This generator provides 8.3 hours of continuous operation without refueling. And its electric starter ensures hassle-free starting. Contact or visit store to purchase! Contact or visit store to purchase! Yamaha EF12000DE With 50 amps and 120/240 dual voltage output, there's not much the EF12000DE can't handle during a power outag","raw/0013-honda.html"
"https://billsequipment.mydomain.com/honda_lombardini.htm","https://billsequipment.mydomain.com/honda_lombardini.htm","200","text/html","Welcome to Bill's Equipment Online!","Engines","Welcome to Bill's Equipment Online! Engines View Honda Engines View Lombardini Engines All information found on BillsEquipment.com is © Copyrighted Bill's Equipment and ® All Rights Reserved. No information shall be used wihtout written consent of Bill's Equipment. All trade names and logos referenced on this web site are the service mark, trademark or registered trademarks of their respective manufacturers.","raw/0051-honda_lombardini.html"
"https://billsequipment.mydomain.com/index.htm","https://billsequipment.mydomain.com/index.htm","200","text/html","Welcome to Bill's Equipment Online!","","Welcome to Bill's Equipment Online! ""Your one stop shop for all your equipment needs."" Click on each link for information on the products of each brand: . . .. . and many more lines to choose from... All information found on BillsEquipment.net is © Copyrighted Bill's Equipment and ® All Rights Reserved. No information shall be used wihtout written consent of Bill's Equipment. All trade names and logos referenced on this web site are the service mark, trademark or registered trademarks of their respective manufacturers.","raw/0001-index.html"
"https://billsequipment.mydomain.com/kraft.htm","https://billsequipment.mydomain.com/kraft.htm","200","text/html","Welcome to Bill's Equipment Online!","","Welcome to Bill's Equipment Online! Kraft Products Contact or visit store to purchase all Kraft products! Magnesium Bull Float *Lightweight, long wearing magnesium floats *Multi-ribbed top for extra strength *Complete with (4) hole bracket assembly *Sizes range from 36""x8"" up to 72""x8"" BIG ""D"" Blue Steel Float * Rounded corners for a super smooth finish *Comes with EZY-TILT® bracket *Designed to accept weights for increased blade tension *3 sizes (48""x12"")(60""x12"")(72""x12"") Extension Handles * Lightweight, extra strong magnesium or aluminum handle * Molded thread plugs join handles together *Available in sizes from 4' to 12' *Fits all Kraft bull floats *1-3/4"" Dia aluminum button handles use with all Kraft *Bronco(tm), tilt brackets and EZY-TILT® brackets *6' Handle length (swaged) *Choice of 6', 8', 10' or 12' handle (with insert) Steel Fresno with EZY-TILT® Bracket * Choice of Carbon Steel or Blue Steel blade *EZY-TILT® bracket eliminates bending and lifting…controls blade pitch with a turn of handle *Sizes from 24""x5"" up to 48""x5"" Magnesium Hand Floats *Made of very hard and durable magnesium *Ends are beveled and blade is broken in with rounded corners. *Choice of wide magnesium float, fine line magnesium float, thin line magnesium float or cast magnesium float *Blade widths of 3-1/8"", 3-1/4"" & 3-1/2"" with lengths of 12"", 14"" and 16"" All-Angle Fresno Trowels * All-Angle Steels Fresnos *Available in Round or Square End *Choice of Carbon or Blue Steel *Fitted with 360 degree all angle bracket *Sizes from 24""x5"" up to 48""x5"" Concrete Spreaders Designed for spreading and grading of concrete *Choice of aluminum or steel blades *Fitted with 54"" wood jam, 60"" shovel type wood or 60"" snap button aluminum handle *Braces available for extra strength *Blade width of 19-1/2"", 20"", 24"" or 30"" Magnesium Asphalt Lutes *Dual Purpose head enables the spreading and grading of asphalt *Lute heads are available in 24"", 30"", 36"" or 42"" width *Use with 7' or 9' magnesium handle Screeds *The #1 selling screed *Lightweight magnesium screeds are built for strength and rigidity *Available in (4) sizes: (1""x4""), (1-1/2""x3-1/2""), (2""x4"") or (2""x5"") *Ranging in lengths from 6' to 24' Replacement Blades Proform® Power Troweler Blades *Choices of finish, combination or float blade *Each blade designed for longer life and greater performance *Blades to fit most power trowelers on the market today ProForm® Power Troweler Float Pans The best way to achieve flatter floors with less time on the job *Float pans can be used on trowelers that turn either direction *Float pans fit right over power troweler blades *Float pans available in 10 or 12 gauge steel Bronze Hand Groovers *Smooth belt polished surface, makes it perfect for cutting sharp, clean grooves *Long wearing with features the professional craftsmen demand *Available in (13) different bit sizes Plus ... a wide variety of Walking Bronze Groovers are also available Finishing Brooms * Perfect for brushing down concrete after floating *Available in aluminum and wood heads *Width choice of 24"", 36"" or 48"" *Brooms accept wood or aluminum extension handles Bronze Hand Edgers *One-Piece Bronze Edger *Turned up ends *Belt polished surface for clean smooth edges *Size 6""x2-3/4"", radius 1/4"", Lip 5/8"" *3 styles to choose from Walking Bronze Edger is also available Hand Edgers * Rivet Free Blade *Choice of blue steel or stainless steel blades *Your choice of over (50) different sizes Walking edgers also available Concrete Stamp The perfect way to mark concrete for permanent identification *Made of high-grade bronze *Stamp is 5""x9"" oval with flat ends *Stamp can be furnished with or without date *16 spaces on three lines Texture Mats Create a three-dimensional impression on concrete with all details of the shape, texture and feel of natural stone or brick *Excellent alternative to brick or tile for patios, driveways, walkways, poolside decking and for many other applications *Mats are constructed of durable 3/4"" thick polyurethane *9 different texture patterns to choose from *Instructional video available Release Agent * Dry powder release agent keeps material from sticking to texture mats *Covers 800-1,000 sq. ft. *Available in 5 gallon containers Mortor Boxes * Available in two popular sizes; 7-1/2"" Cu. Ft. and 9 Cu. Ft. *Lightweight, but tough *Not affected by heat or cold; easy to clean. Will not rust. *(Must ship by truck). Super-Pro® Texture Gun & Hopper Ideal for spraying: walls & ceilings, fire proofing, stucco, decking and waterproofing. *Large hopper with molded built-in easy to grip handle *Exact built-in 40 degree hopper angle…ideal for spraying ceilings *Convenient shut-off valve *EZY pull trigger… full grip for less fatigue Super-Pro® Texture Gun & Hopper w/Compressor * Compressor unit is equipped with a 1 H.P. capacitor start electric motor with manual re-set thermal overload protector *Compressor delivers 6.2 C.F.M. free air at 25 P.S.I *Includes gun & hopper with 50' texture hose AND MORE....... All information found on BillsEquipment.net is © Copyrighted Bill's Equipment and ® All Rights Reserved. No information shall be used wihtout written consent of Bill's Equipment. All trade names and logos referenced on this web site are the service mark, trademark or registered trademarks of their respective manufacturers.","raw/0015-kraft.html"
"https://billsequipment.mydomain.com/kubota.htm","https://billsequipment.mydomain.com/kubota.htm","200","text/html","Welcome to Bill's Equipment Online!","","Welcome to Bill's Equipment Online! RTV900 - Utility Vehicle RTV900 Features : - Speed meter - Reinforced steel front gaurd - Hydraulic bed-lift system - Rollover Protective Structure (ROPS) - Responsive hydrostatic power steering - VHT Plus (Variable Hydro Transmission) - Reliable wet-type disc brake - Powerful Kubota diesel engine - Exclusive hydraulic remote valve are standard on the utility model. Available Attachments Breaker V6200 Chainsaw V6210 Pole Chainsaw V6220 Diamond Chainsaw V6235 or V6236 Earth Auger V6260 Post Driver V6270 Pruner V6280 Submersible Pump V6290 Excavators KX91 - 3S2 - Clean-running Kubota Engine (Interim Tier IV) - Angle blade (option) - Adjustable max. oil flow on auxiliary circuit - Auto Idle as standard - Standard third line hydraulic return to tank - Metallic hood KX121 - 3 - Clean-running Kubota Engine (Interim Tier IV) - Angle blade (option) - Adjustable max. oil flow on auxiliary circuit - Strong bucket breakout force - Load-sensing hydraulic system - Wide-open covers for easy maintenance - Air conditioner filter cartridge - Thumb bracket and relief valve as standard KX161 - 3 - Clean-running Kubota Engine (Interim Tier IV) - Angle blade (option) - Adjustable max. oil flow on auxiliary circuit - Stronger breakout and traction force - Load-sensing hydraulic system - Auto idle system - Air-conditioned cab option - Thumb bracket and relief valve as standard All information found on BillsEquipment.net is © Copyrighted Bill's Equipment and ® All Rights Reserved. No information shall be used wihtout written consent of Bill's Equipment. All trade names and logos referenced on this web site are the service mark, trademark or registered trademarks of their respective manufacturers.","raw/0016-kubota.html"
"https://billsequipment.mydomain.com/linosella.htm","https://billsequipment.mydomain.com/linosella.htm","200","text/html","Welcome to Bill's Equipment Online!","","Welcome to Bill's Equipment Online! Mixers (Scroll down for Steel Props) Concrete mixer mod. S 380 - type S 95 - Big cabin strengthened complete with 4 shock-absorber to reduce vibrations - 2 pneumatic wheels diam. 550 x 15 complete with shock - absorber - Heavy duty reinforced tow bar complete with chain Contact or visit store to purchase! Characteristics Size Total capacity of tank 360 lt Working capacity 320 lt Weight with electric motor 240 kg Length 2,25 mt Width 1,10 mt Height 1,65 mt Power single phase electr. Motor 2,00 hp - 1,50 kw Power three phase electr. Motor 2,00 hp - 1,50 kw Power gasoline engine 7,00 hp - 5,10 kw Power diesel engine 9,00 hp - 6,60 kw Concrete mixer mod. S 380 - type S 95 - Big cabin strengthened complete with 4 shock-absorber to reduce vibrations - 2 pneumatic wheels diam. 550 x 15 complete with shock - absorber - Heavy duty reinforced tow bar complete with chain Data and sizes are not binding and the producer reserves itself to modify the machines without giving notice Hydraulic Concrete mixer mod. Hopper - S360 - Hydraulic mechanisms for easy operating of the drum and of the loading skip - Scraper connected by low tension plant (optional) - 4 pneumatic tyres (optional) - Litre-Conteur - Hydraulic weighing system - Charge ramp Contact or visit store to purchase! Characteristics Size Drum capacity 360 lt Hopper capacity 340 lt Work capacity 280 lt Water tank capacity 52 lt Mixing per hour 36 n Power of electric motor 4 hp Power of diesel engine - Weight with electric motor 810 kg Weight with diesel engine - Length 260 cm Width 190 cm Height 280 cm Data and sizes are not binding and the producer reserves itself to modify the machines without giving notice Hydraulic Concrete mixer mod. Hopper - S520 - Hydraulic mechanisms for easy operating of the drum and of the loading skip - Scraper connected by low tension plant (optional) - 4 pneumatic tyres (optional) - Litre-Conteur - Hydraulic weighing system - Charge ramp Contact or visit store to purchase! Characteristics Size Drum capacity 500 lt Hopper capacity 510 lt Work capacity 360 lt Water tank capacity 82 lt Mixing per hour 31 n Power of electric motor 5.5 hp Power of diesel engine 19 hp Weight with electric motor 1280 kg Weight with diesel engine 1150 kg Length 300 cm Width 200 cm Height 330 cm Data and sizes are not binding and the producer reserves itself to modify the machines without giving notice Hydraulic Concrete mixer mod. Hopper - S750 - Hydraulic mechanisms for easy operating of the drum and of the loading skip - Scraper connected by low tension plant (optional) - 4 pneumatic tyres (optional) - Litre-Conteur - Hydraulic weighing system - Charge ramp Contact or visit store to purchase! Characteristics Size Drum capacity 650 lt Hopper capacity 750 lt Work capacity 450 lt Water tank capacity 82 lt Mixing per hour 31 n Power of electric motor 7.5 hp Power of diesel engine 21 hp Weight with electric motor 1380 kg Weight with diesel engine 1250 kg Length 345 cm Width 200 cm Height 370 cm Data and sizes are not binding and the producer reserves itself to modify the machines without giving notice Hydraulic Concrete mixer mod. Skipper - S360 - Electro-hydraulic mechanisms that simplify at the most the user's work - Skip piston with oil anti-reflex valves that stop the oil falling even in case of damage of the hydraulic plant. - Charging ramp and scraper - 4 pneumatic tyres (optional) Contact or visit store to purchase! Characteristics Size Drum capacity 360 lt Hopper capacity 340 lt Work capacity 310 lt Water tank capacity 52 lt Mixing per hour 33 n Power of electric motor 2 hp Power of diesel engine 7 hp Weight with electric motor 730 kg Weight with diesel engine 600 kg Length 190-210 cm (diesel) Width 190-210 cm (diesel) Height 260 cm Pneumatic tyres size 145R15 2 Data and sizes are not binding and the producer reserves itself to modify the machines without giving notice Hydraulic Concrete mixer mod. Skipper - S520 4PT - Electro-hydraulic mechanisms that simplify at the most the user's work - Skip piston with oil anti-reflex valves that stop the oil falling even in case of damage of the hydraulic plant. - Charging ramp and scraper - 4 pneumatic tyres (optional) Contact or visit store to purchase! Characteristics Size Drum capacity 520 lt Hopper capacity 470 lt Work capacity 420 lt Water tank capacity 62 lt Mixing per hour 33 n Power of electric motor - Power of diesel engine 8 hp Weight with electric motor - Weight with diesel engine 770 kg Length 220 cm Width 210 cm Height 290 cm Pneumatic tyres size 145R15 2 Data and sizes are not binding and the producer reserves itself to modify the machines without giving notice Hydraulic Concrete mixer mod. Hopper View Information/Specifications for following models below: - M 1000 - S 1200 - S 1500 Contact or visit store to purchase! Technical Datas Mod. Hopper M 1000 Mod. Hopper S 1200 Mod. Hopper S 1500 Drum Capacity 1000 lt 1200 lt 1500 lt Hopper Capacity 900 lt 1100 lt 1400 lt Work Capacity 600 lt 800 lt 1000 lt Water Tank Capacity 100 lt 100 lt 80 lt. Mixing per Hour N. 31 N. 31 N. 31 Power of Electric Motor 10 HP 10 HP 15 HP Power of Diesel Engine 23 HP 28 HP 30 HP Weight with Electric Motor 1.350 kg 1.400 kg 1.450 kg Weight with Diesel Engine 1.450 kg 1.590 kg 1.690 kg Length 350 cm 350 cm 360 cm Width 200 cm 210 cm 220 cm Height 340 cm 340 cm 340 cm Steel Props & Shoring/Post-Shoring Model S. 32 Closed: 6 ft. Open: 11 ft. Contact or visit store to purchase! Model S. 36 (Prop with Double Plate) Closed: 8 ft. Open: 13 ft. Contact or visit store to purchase! All information found on BillsEquipment.net is © Copyrighted Bill's Equipment and ® All Rights Reserved. No information shall be used wihtout written consent of Bill's Equipment. All trade names and logos referenced on this web site are the service mark, trademark or registered trademarks of their respective manufacturers.","raw/0017-linosella.html"
"https://billsequipment.mydomain.com/lombardini.htm","https://billsequipment.mydomain.com/lombardini.htm","200","text/html","Welcome to Bill's Equipment Online!","","Welcome to Bill's Equipment Online! Lombardini Products Direct injection diesel air-cooled The new frontier in small diesel Type Cylinders Broke x Stroke Displacement Speed Max. Rating Max Torque Dry Weight Dimensions (LxWxH) N 80/1269/ CEE-ISO 1585 NB ISO 3046 IFN NA ISO 3046/1 ICXN N° mm x mm cm3 r.p.m. kW/HP kW/HP kW/HP Nm Kg mm 15LD315 1 78 x 66 315 3600 5,0/6,8 4,6/6,2 4,1/5,6 15,0@2400 33 295x374x445 15LD400 1 82 x 76 401 3600 7,3/10,0 6,6/9,0 6,2/8,4 22,5@2400 45 308x397x480 15LD440 1 86 x 76 442 3600 8,1/11,0 7,4/10,1 6,8/9,3 25,0@2400 45 308x397x480 15LD315 Contact or visit store to purchase! 15LD400 & 15LD440 Contact or visit store to purchase! All information found on BillsEquipment.net is © Copyrighted Bill's Equipment and ® All Rights Reserved. No information shall be used wihtout written consent of Bill's Equipment. All trade names and logos referenced on this web site are the service mark, trademark or registered trademarks of their respective manufacturers.","raw/0032-lombardini.html"
"https://billsequipment.mydomain.com/makita.htm","https://billsequipment.mydomain.com/makita.htm","200","text/html","Welcome to Bill's Equipment Online!","","Welcome to Bill's Equipment Online! Makita Products Rotary Hammers HR3851 Contact or visit store to purchase! HR3851 - 1-1/2"" Rotary Hammer (Spline, AC/DC) Air Cushion Design for Hard Hitting and Fast Drilling Features *All ball and needle bearings for longer tool life *Powerful 10 AMP motor for continuous heavy duty work *Torque limiting clutch *Easy lever change from ""rotary hammering"" to ""hammering only"" *Automatic brush cutoff to advise maintenance schedule and to protect motor *""Spline"" type drive system for maximum power F*actory grease packed for reduced maintenance HR5000 - 2"" Rotary Hammer (Spline, AC/DC) Air Cushion Design for Hard Hitting and Fast Drilling Features *All ball and needle bearings for longer tool life *Powerful 11 AMP motor for heavy duty use *Torque limiting clutch *""Spline"" type drive system for maximum power *Easy lever change from ""hammering only"" or ""rotation with hammering"" *Automatic brush cut-out system to protect motor *Large comfortable grip swivels 360° for easy handling * Factory grease packed for reduced maintenance Contact or visit store to purchase! Hammer Drills HP2010N Contact or visit store to purchase! HP2010N - 3/4"" Hammer Drill (2-Speed, Variable Speed, Reversible) Industrial Metal Gear Housing for Long Lasting Durability Features *2-speed gear change for ideal speed and power *Variable speed switch for easy starting of holes * Depth gauge for ""drop-in"" type anchors *Powerful 6 AMP motor for continuous use *All ball and needle bearings for long tool life *Adjustable side handle for greater control *Double insulated Angle Grinders 9069 - 9"" Angle Grinder Features *15 AMP motor delivers more output power for increased performance *6,600 RPM for fast stock removal and high production efficiency *Large trigger switch for easy operation; lock-on feature *Labyrinth construction seals motor and bearings from contamination *Switch handle can be rotated either 90° left or right *Automatic brush cut-out system *Double insulated 9069 - 9"" Contact or visit store to purchase! 9527NB Contact or visit store to purchase! 9527NB - 4-1/2"" Angle Grinder Labyrinth Construction Protects Against Contamination Features *Small circumference barrel grip for easy handling *Powerful 6.4 AMP motor *Switch is located on top of the motor housing *Spindle lock for easy wheel changes * Side handle can be installed on either side of tool for operator convenience Power Cutters DPC7301 - 14"" Power Cutter - 73cc. Tools of the Trade Magazine Names DPC7301 Their Favorite Power Cutter Features *2 mass dampening system provides significantly less vibration *5 stage filtration system *Smooth start decompression valve reduces the start up force required by 70% *Electronic ignition *Air inlet ports reduce noise by up to 40% *Lighter weight than conventional powercuts *Large volume exhaust system *Central and lateral cutting positions for the cut-off wheel *Pressure die-cast magnesium tool rest *Quick action guard adjustment and belt tension *Double insulated fuel tank DPC7301 - 14"" Contact or visit store to purchase! Contact Us for more info and products. All information found on BillsEquipment.net is © Copyrighted Bill's Equipment and ® All Rights Reserved. No information shall be used wihtout written consent of Bill's Equipment. All trade names and logos referenced on this web site are the service mark, trademark or registered trademarks of their respective manufacturers.","raw/0018-makita.html"
"https://billsequipment.mydomain.com/mbw.htm","https://billsequipment.mydomain.com/mbw.htm","200","text/html","Welcome to Bill's Equipment Online!","","Welcome to Bill's Equipment Online! M-B-W Products Vibratory Plates Contact or visit store to purchase! AP2000 Series MBW's AP2000 Vibratory Plate Series is ideal for asphalt compaction, with a perfectly balanced mass, centrifugal force and amplitude. Features include replaceable, contoured wear edges for a scar-free finish and a gravity feed water system. The versatile AP2000 also has the lowest maintenance costs of any asphalt plate on the market today. The AP2000S is lightweight yet highly productive in sand and gravel compaction. This plate is a high frequency, high centrifugal force compactor achieving up to 14 in. (36 cm). GP3000 The GP3000 Series of vibratory plates is an all purpose middle weight compactor that effectively handles granular and mixed soils to 18 in. (47 cm). With its optional gravity feed water system, this versatile machine also is an outstanding asphalt compactor. With many 20 year old GP3000s still performing, this series deserves its unmatched reputation for long term performance and low maintenance. Contact or visit store to purchase! Contact or visit store to purchase! GP 5500 The GP5500 Series of vibratory plates is a contractor favorite with its combination of superlative productivity and mechanical reliability. This versatile line features a self-cleaning plate and a one-piece exciter and base plate design. GPR 65/68 Series The GPR 65 & 68 Series is a compact reversible plate ideal for narrow trenches and confined areas. With a dual eccentric design for maximum compaction force and minimal wear, the GPR's reinforced shifting mechanism allows directional changes at full speed. The result is a highly productive, long lasting machine that proves smaller can be better. Contact or visit store to purchase! Walk-Behind Power Trowels F-24, F-36/4, F-46/4, F-46/4 HD Models Available MBW Walk-Behind Power Trowels are the lowest maintenance and longest lived power trowels available today. These rugged machines now feature safety rings to protect an operator's hands or feet from blade contact during operation. The safety rings are in addition to MBW trowels' standard guard rings that also increase safety as well as provide concentricity for maximum productivity and even finishes. Other features include an over-built gear box with ground journal bearings, one piece worm shaft, and heavy duty hub and flange; a handle six inches longer than most competitors for greater leverage; and the industry's strongest spider assembly with teflon-lined, steel arm bore inserts that will not pound out. The blade arms are milled for precise blade alignment to eliminate wobbling and enable consistent finishes. MBW Power Trowel options offer a Blitzpitch blade tilting device; custom blades (finish, combo or snap-on float); adjustable guard ring for edging; and a heavy duty kit to increase overall weight. Contact or visit store to purchase! Blitzscreed ® * Smooth, fast finishing * Fewer sections, all bolted and interchangeable, provide easy assembly * Made of lightweight yet durable aluminum approximately 8 pounds per linear foot * Sections in 8 ft. 4 in., 4 ft. 4 in. and 2 ft. 4 in. * (2 m 119 cm, 1 m 119 cm, .6 m 119 cm). * Gas and air powered units MBW's Blitzscreed® offers a lightweight, all bolted construction for speed of assembly and true alignment. The exclusive quick coupling system makes section assembly fast and easy. The unique cast aluminum A-frame design provides maximum structural strength. A double-jointed turnbuckle allows surfaces to be finished flat, crowned either parabolic, rooftop or inverted. Vibration is provided through an offset yet rigidly fixed bearing system that insures vibration along the full screed length and eliminates hammering action. Contact or visit store to purchase! Mortar Mixers M-60, M-80, M-90, M120/121 Models Available Often viewed as a commodity, lower production cost is usually seen as the over-riding goal in mortar mixer manufacturing. It shows ­ overall mortar mixer quality and life have been deteriorating for the last 20 years. MBW has chosen the less traveled, higher ground; we have not sacrificed mixer quality. You may pay a little more for a MBW Mortar Mixer, but the returns in lower maintenance and longer life are worth consideration. We're so confident in the superiority of MBW's mixers that we simply encourage you to take a look and draw your own conclusions. Here's a short list of things to compare: paddle shaft and clamping design, bearing capacity, trunion and pillow block quality, frame strength, drive gears, belt tension mechanism, drum latch/lock system, drum and grill weldments, engine shroud, front leg design, material types and gauge throughout the mixer. MBW's latest addition... the MM121 Hydraulic Mixer. This completion to the mixer line was created with the goals of high production performance, producing less user fatigue and a longer lasting product that requires less maintenance. The final components chosen for this mixer include high torque output motor and a manually operated valve block for controlling the motor and dumping cylinder. The performance of the Hydraulic Mixer is close to that of the MM120 Gearbox Mixer, while providing the added benefits of a powered dump system and a reversible motor. Other features included are a suction strainer and a return line filter to protect the hydraulic system, a 15-gallon capacity in the oil tank to keep temperatures down, and the same torsion axle as the MM120 to provide smooth towing. The MM121 features redesigned paddles which are set at 45°, rather than 55° as they are on the current mixers. The new paddles will reduce torque requirement of the main shaft while not compromising the mixing performance. Contact or visit store to purchase! Contact Us for more info... All information found on BillsEquipment.net is © Copyrighted Bill's Equipment and ® All Rights Reserved. No information shall be used wihtout written consent of Bill's Equipment. All trade names and logos referenced on this web site are the service mark, trademark or registered trademarks of their respective manufacturers.","raw/0020-mbw.html"
"https://billsequipment.mydomain.com/miller.htm","https://billsequipment.mydomain.com/miller.htm","200","text/html","Welcome to Bill's Equipment Online!","","Welcome to Bill's Equipment Online! Miller Products Scoot-Crete MB11 Contact or visit store to purchase! Scoot-Crete MB11 (Walk-Behind Power Buggie) A smaller version of the MB16 power buggy, the MB11 incorporates a number of the same unique design features found in the MB16. These features result in an easy to service, low maintenance power buggy that is built to last. The MB11 is powered by an 8hp engine directly coupled to a fan-cooled variable-speed hydrostatic pump. This arrangement provides speed or power depending on jobsite conditions and needs. Additionally, the full hydrostatic design provides improved dynamic braking. The main frame is a welded boxframe that provides unmatched strength and structural integrity. A removable shroud protects the drive components and engine from concrete buildup. The vented shroud and “pull through” ventilation system assures safe hydraulic temperatures for longer component life. All hydraulic hoses are enclosed within the main frame for easy access and protection. Handling is simplified by convenient lifting points and frame notch-outs for lifting with a fork truck. The rear caster assembly consists of both roller bearing and ball bearing assemblies. This dual bearing design provides greater load carrying capacity than casters using only ball bearings. Scoot-Crete MB16/21 (Stand On Power Buggie) Since introduced in 1991, Miller MB16 power buggies have become the standard by which all other power buggies are judged.The 2"" thick solid plate steel frame provides unmatched strength and structural integrity, plus greater durability and ideal weight distribution.The lower center of gravity and weight distribution provide excellent traction. Heavy duty semi-enclosed band brakes are designed to stop the buggy if the engine loses power or if dynamic braking is lost due to hydraulic system failure.These brakes will stop the buggy safely in wet or dry conditions, whether on a level grade or downhill. The MB16/21 is powered by a Honda engine directly coupled to a fan cooled, variable speed hydrostatic pump.The drive components are protected from concrete buildup by a removable shroud.This shroud is louvered to keep concrete out while providing proper ventilation.The high density poly bucket is impact resistant and designed to withstand the toughest use.All hydraulic hoses are enclosed in raceways for added protection. Handling is simplified with convenient lifting points and frame notch-outs for lifting with a fork truck. The optional handle mounted dump/return control allows the operator to keep both hands on the handle bar while dumping and returning the bucket. This is particularly useful when placing material while backing up. Scoot-Crete MB16/21 Contact or visit store to purchase! MTB16 with optional half tracks installed Scoot-Crete MTB 16 Contact or visit store to purchase! Scoot-Crete MTB 16 (Half-Track Power Buggie) Go where regular power buggies won’t go with Miller’s new Half-Track Power Buggy. No longer limited to hard compacted surfaces, the Half-Track can handle a variety of jobsite conditions including mud, sandy and loamy soil or wet grass. The Half-Track features an optional four foot stake body bed that easily converts the power buggy to a tracked utility vehicle. With this conversion, the Half-Track can be used to transport a variety of materials, such as concrete forms, brick, block, sod and shrubbery around the jobsite. The Half-Track comes standard with high torque hydraulic wheel motors that have twice the load rating of a standard motor and provide 32% more torque. With the combination of the high torque drive motors and surface area provided by the tracks, the Half-Track climbs hills that conventional buggies can’t handle. Miller’s Half-Track power buggies provide unmatched strength and structural integrity, excellent durability, and ideal weight distribution. With this new product, Miller redefines standards by which power buggies are judged. MC250 Curbilder™ (Landscabe Curb Machine) The MC250 is a smaller version of the MC family of extruded curbing machines and benefits from Miller’s 40-plus years experience in manufacturing extruded curbing machines. The MC250 can be used in a variety of applications that require the placement of durable concrete edging such as golf courses, parks and recreation areas, water retention areas, garden borders, and miniature putting greens. In addition to placing decorative landscape curbing, the MC250 is capable of placing commercial tack-down curbing ranging from low profile rollover curbs to standard parking lot curbing. The auger provides a constant flow of mix under pressure through a compaction tube into the form. This process produces a finished curb that has greater strength than curb placed by a plunger machine. The MC250 has a higher production rate of up to 12 feet a minute when using a mix with 3/8"" aggregate. The MC250 includes numerous safety and operation features found on the MC550 family of commercial extrusion machines and is backed by Miller’s exclusive 6-year warranty. Contact or visit store to purchase! Contact or visit store to purchase! MC550/650 Curbilder™(Tack Down Curb Machine) Miller MC Curbilders™have offered unequaled performance and versatility for over 40 years.These simple and efficient machines continue to provide the most economical method available of placing free standing, high-density extruded curb from either concrete or asphalt. Miller’s exclusive, interchangeable extrusion auger assemblies give each Curbilder the capability to extrude more shapes and sizes than any other machine, from a 3"" high speed bump to an 18"" barrier curb.Features like fully adjustable wheel assemblies and tie rod steering minimize site condition problems. Other features reduce the skill level required to produce high quality curb.Included are an automatic centrifugal clutch, which guarantees smooth starts and proper auger rpm for optimum compaction, and a unique torque-sensing system that automatically disengages the machine’s drive in case of overload.Maintenance and clean-up are simplified through easy access and removal of all extrusion components -hopper, auger, housing and compaction tube. A wide variety of optional equipment gives these machines the capability to meet the toughest specification work, including extruding reinforcing rod in the curb, extruding over pins, and extruding under existing guard rail. However, please contact us with your specific job requirements to ensure that a MC Series Curbilder is the correct machine for your job. MC1050 Curbilder™ (Slipform Curb Machine) Miller’s MC1050 Slipform Curb & Gutter machine places concrete curbing and sidewalks ranging from 8"" to 48"" wide and 5"" to 18"" tall. With curbing speeds up to 12fpm the MC1050 is the ideal machine for commercial and residential curbing jobs. Miller’s modular frame design makes form changes a breeze and minimizes down time. With four available slide mounted hoppers the MC1050 can straddle forms up to 4' wide or offset to 18"" left or right for placement next to obstacles. These features along with quick clamp vibrator mounts allow set up changes in less than 1 hour. The hopper is fed by a high capacity conveyor located left or right side for easy access for the concrete mixer and can be quickly removed for cleaning. The hydrostatic drive and vibrators provide the operator complete control over the machine operation to produce a consistent and durable free-standing concrete product. The front and rear boom-mounted control panels offer a wide selection of operator positions. This allows the operator to move the controls and keep adjustments at the operator’s fingertips from any position around the machine. The MC1050 comes pre-wired to accept several automatic control options including laser, string line wand, or slope module grade controls and string line wand type automatic steering. Fully adjustable sensor mounts can be attached on several positions on both sides of the machine to increase set up versatility. With the optional laser grade control system, receiver masts are located at each wheel position and can hold elevation within ±1/8"". The MC1050's compact size allows it to be easily carried on a standard tandem axle trailer. Collapsible rear wheels allow the machine width to be reduced to 52"" wide. Tie-down and lifting points are conveniently located at each corner. MC1050 Contact or visit store to purchase! All information found on BillsEquipment.net is © Copyrighted Bill's Equipment and ® All Rights Reserved. No information shall be used wihtout written consent of Bill's Equipment. All trade names and logos referenced on this web site are the service mark, trademark or registered trademarks of their respective manufacturers.","raw/0026-miller.html"
"https://billsequipment.mydomain.com/milwaukee.htm","https://billsequipment.mydomain.com/milwaukee.htm","200","text/html","Welcome to Bill's Equipment Online!","","Welcome to Bill's Equipment Online! Milwaukee Products Grinders Contact or visit store to purchase! 4-1/2 in. Sander/Grinder (6140-6) The 6140-6 4-1/2 inch 5.5 amp grinder is ideal for getting into tight spaces where other grinders can not. Its low profile and light weight make it perfect for those lighter duty sanding and grinding projects. The tool is double insulated (two prong cord) and incorporates the industry standard 5/8-11 threaded arbor. Like its heavy duty big brothers, it also has spiral bevel gears for optimum transmission of torque to the work piece. The comfortable body grip style is easy to hold onto, and in conjunction with the supplied side handle, allows for maximum operator control. The side handle can be attached in three locations. The wheel guard can be moved around the spindle (without the use of tools) for greatest operator protection. Sold as a grinder with guard, this tool can be used as a sander when a 4-1/2 inch backing pad and disc are attached. 5 in. Sander/Grinder For those who want a bit more time between wheel changes and have a bit more room to work, the 6141 5 inch 5.5 amp grinder offers solutions to limited space grinding. Its low profile and light weight make it perfect for those lighter duty sanding and grinding projects. The tool is double insulated (two prong cord) and incorporates the industry standard 5/8-11 threaded arbor. Like its heavy duty big brothers, it also has spiral bevel gears for optimum transmission of torque to the work piece. The comfortable body grip style is easy to hold onto, and in conjunction with the supplied side handle, allows for maximum operator control. The side handle can be attached in three locations. The wheel guard can be moved around the spindle (without the use of tools) for greatest operator protection. Sold as a grinder with guard, this tool can be used as a sander when a 5 inch backing pad and disc are attached. Contact or visit store to purchase! Electromagnetic Drill Press Contact or visit store to purchase! Adjustable Position Electromagnetic Drill Press with No. 3 MT Motor (4208-1) This combination unit features the 4203 adjustable position, variable speed base and the 4297-1 1-1/4 in. drill motor. All you need is a bit and you are ready to drill into any ferrous material 1/2 in. and thicker. Adjustable Position Electromagnetic Drill Press with No. 3 MT Motor (4209-1) This combination unit features the 4203 adjustable position, variable speed base and the 4292-1 1-1/4 in. drill motor. All you need is a bit and you are ready to drill into any ferrous material 1/2 in. and thicker. Contact or visit store to purchase! Contact or visit store to purchase! Fixed Position Electromagnetic Drill Press with 3/4 in. Motor (4210-1) This combination unit features the 4202 fixed position variable speed base and the 4262-1 3/4 in. drill motor. All you need is a bit and you are ready to drill into any ferrous material 1/2 in. and thicker. Diamond Coring Rings Diamond Coring Rig with Small Base Stand, Vac-U-Rig® Kit, Meter Box and Diamond Coring Motor (4115-22) This contractor series small base stand features a cast aluminum base with 4 leveling screws for fast accurate leveling adjustment. The durable precision-ground 2-1/2 in. steel column is 43-1/2 in. high and has a universal motor adapter plate. The reversible feed handle helps the operator use the unit from either side. Model 4115-22 comes with model 4096 coring motor, Vac-U-Rig® kit as well as a meter box. The Vac-U-Rig® assembly uses a vacuum pump to apply suction to a large pad mounted on the bottom of the rig. This aids in stability when coring holes. Contact or visit store to purchase! Sawzall® Reciprocating Saws Contact or visit store to purchase! 11 Amp Orbital Action Super Sawzall (6521-21) Orbital action has been added to the heavy duty 11 amp Super Sawzall® Reciprocating Saw for even more aggressive cutting applications in wood. The orbital action selector allows the user to set the degree of orbital action for faster cutting in thick materials. This tool incorporates the patented gear protection system which absorbs high impact forces caused by sudden blade lock-up thereby extending the life of the tool even under the most extreme cutting conditions. The patented counter balance mechanism makes the Super Sawzall the smoothest operating, most vibration free saw in the world. Trigger speed control allows the operator to match the speed of the tool to the application. The new heavy duty steel Quik-Lok™ blade clamp system enables the user to change blades fast and easy without the use of a hex wrench. Milwaukee 10 Amp Sawzall® Reciprocating Saw w/Case (6509-21) Milwaukee's 10 amp Sawzall® Reciprocating Saw is the most durable reciprocating saw on the market, and at only 7 pounds, it offers the best power to weight ratio in its class. The saw offers a 0-2800 strokes per minute variable speed trigger with 3/4 in. stroke length and a Quik-Lok™ blade clamp for fast, tool-less blade changes. The rubber boot provides superior gripping, and the adjustable shoe provides longer blade life and more cut control. The blades can even be clamped upside down for special cutting needs. Contact or visit store to purchase! All information found on BillsEquipment.net is © Copyrighted Bill's Equipment and ® All Rights Reserved. No information shall be used wihtout written consent of Bill's Equipment. All trade names and logos referenced on this web site are the service mark, trademark or registered trademarks of their respective manufacturers.","raw/0021-milwaukee.html"
"https://billsequipment.mydomain.com/multiquip.htm","https://billsequipment.mydomain.com/multiquip.htm","200","text/html","Welcome to Bill's Equipment Online!","","Welcome to Bill's Equipment Online! MUlTIQUIP Contact or visit store to purchase! Concrete Pump (C-30HDN) Mayco invented the small-line concrete pump and our pump line features an astounding array of standard and optional features. The C-30HDN, after 40 years of production, is still the most popular pump on the market. This mechanical unit pumps up to 25-cubic yards (19-cubic meters) of concrete an hour with the strength of a 46-horsepower Nissan gasoline engine. The C-30HDN is ideal for shotcrete applications of stiff, low slump mixes such as swimming pools, ditch linings, soil stabilization and walls. It pumps a maximum aggregate of 0.5-inch minus (12 mm.) and comes standard with a remote control for easy operation. Mayco Plaster/Mortar/Fireproofing (MG-30) Mayco's MG-30 is a dependable, built-to-last workhorse that exceeds your plaster and fireproofing expectations. The MG-30 is ideal for applications including high-production placement of exterior stucco, sand/cement exterior basecoat, gypsum plaster and lightweight aggregate, interior basecoat plaster, and pool plaster Pebble-Tec. It is available as a pump only unit or a combination pump and mixer both mounted on the same trailer. The mixer is driven by an 8.5-HP Hatz diesel engine. For high-volume fireproofing applications, the pump stroke quickly and easily converts to long stroke. Contact or visit store to purchase! Contact or visit store to purchase! Mid-Range Concrete Pump (LS-40) Big pump performance. Reasonably priced. *Big pump performance. Reasonably priced. *Variable volume output from 0 to 40+ cubic yards per hour (0 to 35 m³/hr) *Designed to handle the larger 3/4"", 1"" and up to 1 1/2"" aggregate (38 mm) *Concrete piston face pressure of 925 psi (64 bar) *60-HP or 75.5-HP Deutz diesel engines *Extremely versatile—use for refractory, shotcrete, masonry block fill, slabs, footings, lightweight mixes *True reverse shuttle tube pumping—for smoother operation *Full flow, cast steel shuttle-tube for longer life *Hard-faced wear components for longer life and lower maintenance costs Mini Sprayer ( MSE-1SS ) Essick's MSE-1SS mini-sprayer is ideal for small- to medium-size jobs in limited access areas. This unit is designed and engineered to provide consistent, pulse-free low-volume production and it is well suited to the application of textures, full and simulated acoustics, fireproofing and bagged grout materials. Driven by a 0.75-horsepower single-phase electric motor with reset button, the MSE-1SS has a large 24-gallon (91 liters) hopper and is so compact it can be easily maneuvered around the job site. When the work is done, it fits into the trunk of a car. Contact or visit store to purchase! Rebar Cutters and Benders Contact or visit store to purchase! HBC-series Cutter (HBC-19) Multiquip's rebar cutters let one operator slice rebar more efficiently than manual cutters, torches and saws. The hand-held HBC-19 cuts rebar up to 0.75-inches (2 cm) thick in 3 seconds with a 115V, 60 Hz single-phase motor. This rebar cutter has a built-in hydraulic pump with innovative magnetic particle filtering to ensure maximum performance. Our blades are manufactured from heat-treated, high-strength machine steel that is easily rotated for prolonged use and increased service life. The convenient HBC-19 weighs only 27 pounds (12 kg). Cutter (BC-25 ) Squeeze a trigger and rebar is cut quickly and effectively. It's as simple as that with Multiquip's high performing rebar cutters. Driven by a 115V electric motor, the BC-25 can be bench mounted at the shop or used on site from the back of a pick-up truck. This rebar cutter is designed for the biggest jobs around, slicing rebar up to 1-inch thick (2.5 cm). The units parts are all machined to tight tolerances for optimum effectiveness and Multiquip guarantees its reliability by subjecting each rebar cutter to no-load and actual-load tests prior to delivery. Contact or visit store to purchase! Contact or visit store to purchase! Bender (MB-25HD ) To complement our line of quality rebar cutters, Multiquip brings you the industry's preferred rebar bender. The MB-25HD bends rebar up to 1 inch (2.5 cm) in diameter in mere seconds. This tool is easy to use, practically maintenance-free and comes with a standard foot switch for high-production bending. Driven by a 115V, single-phase electric motor, the MB-25HD is suitable for use in the shop or on the job site and its single knob control lets the operator select the precise bending angle up to 180 degrees. The rebar bender also has four built-in lifting handles and includes a tool kit. Walk-Behind Trowels 48"" HD-series (HDA-48-4-11H) Achieve the flattest floors around with Whiteman’s high-performance walk-behind trowels from Multiquip. The HDA-48-4-11H has a massive 48-inch (122 cm) ring diameter allowing building professionals to effectively flatten a wide area in a timely manner. This trowel comes with a heavy-duty gearbox and spider assembly along with an 11-horsepower Honda engine. The gearbox boasts a 50 percent greater oil capacity and large tapered bearings to minimize friction and reduce operating temperature. The HDA-48-4-11H has a rotor speed of Contact or visit store to purchase! Contact or visit store to purchase! 36"" HP-Series (HPLA-36-4-8H ) Whiteman’s high-performance power trowels give operators the muscle to complete any pan floating application. The HPLA-36-4-8H has a rotor speed of 60-125 rpm and a 36-inch (91.5 cm) ring diameter. This impressive rotor rpm, along with the strength of an 8-horsepower Honda gasoline engine, allows concrete contractors to efficiently burnish slabs. The HPLA-36-4-8H has four blades and at 171 pounds (77 kg) it is the lightest of the high-performance trowels from Multiquip’s Whiteman concrete division. Complement the trowel with our high-performance Whiteman blades. Welders/Generators GLW-180H Multiquip’s full-featured, engine-driven welder/generator lines have weather-resistant housings and are suitable for a wide variety of outdoor applications. This Honda-powered combination welder/generator is ideal for job-site and remote-area service applications. The durable GLW-180H produces 50-180 amps as a welder and 4.5kW as a generator (single phase) and features a number of technical advances. The operator can draw AC power and weld simultaneously. An 11-horsepower Honda GX340 gasoline engine powers the GLW-180H. Contact or visit store to purchase! Contact or visit store to purchase! SDW-225SS Not every welder/generator offers simultaneous AC/DC operation. But the SDW-225SS does! It operates as a 6kW generator and 225-amp welder and is ideally suited for SMAW, FCAW, GMAW, GTAW and ACAC welding processes. Powered by a 12-horsepower Kubota Z482 diesel engine, the SDW-225SS is a brushless machine with a weather-resistant housing making it suitable for numerous applications. The welder/generator regulates voltage at 2 percent. TLW-300SS Power, accuracy and efficiency aren’t the only things to consider when picking a welder. Noise levels shouldn’t be overlooked. Multiquip’s TLW-300SS is one of the quietest welder/generators available emitting an impressive 65dBA at 23 feet. The unit produces up to 300 amps as a welder and 10.5 kW as a generator and is fueled by a 19-horsepower Kubota D722 diesel engine. Voltage regulation is maintained at 1.5 percent and standard features include safety shutdowns, and external water, oil and fuel drains. Contact or visit store to purchase! Contact or visit store to purchase! BLW-400SS Multiquip's full-featured, engine-driven welder/generator lines are ideal for an astounding number of job site applications. This rugged diesel-powered combination welder/generator can draw AC power and serve as a welder simultaneously because it sparks up to 400 amps as a welder and 14kW as a generator (single phase). A 31-horsepower Kubota V1205 engine powers the BLW-400SS which continues to give operators the smoother arc characteristics and more consistent, quality welds they desire. Reversible Plate Compactors MVH-R60 The MVH-R60 is the ideal machine for efficient compaction of sand, gravel and cohesive soils and the lightest in the Multiquip reversible fleet. The MVH-R60 produces 3,100 pounds (1,400 kg) of centrifugal force and like several other models in the series it has a top cover to keep dirt off the engine and a self-cleaning plate. A 4-horsepower Honda GX-120 engine drives the compactor and it is fitted with a 13.8 x 18.9 inch (35 x 48 cm) plate. Contact or visit store to purchase! Contact or visit store to purchase! MVH-120 This plate is extremely maneuverable making it the logical choice for work in tight, confined areas. A 5.5-horsepower Honda GX-160 gasoline engine powers the compactor and it comes with a 15.7 x 23 inch (40 x 58 cm) plate. The MVH-120 features a self-cleaning plate and a top cover to keep debris off the engine. The MVH-120 weighs 247 pounds (111 kg). One Way Plate Compactors MVC-90 The MVC-90 boasts more standard features than any other one-way compactor. This one-way plate produces 3,350 (1,520 kg.) of centrifugal force and is fitted with a 19.6 x 22 inch (50 x 56 cm.) plate. The MVC-90’s durable steel-enclosed and ribbed base plate eliminates dirt and rock build-up while extending the life of the compactor. The MVC-90 includes an engine oil alarm that shuts the machine down if the oil falls below a safe level, a heavy-duty vibrator assembly, a durable steel water distribution system, reversible shock mounted handle and the choice of Robin or Honda gasoline engines. Contact or visit store to purchase! Contact or visit store to purchase! MVC-88 The most technically advanced plate compactor on the market. The MVC-88 comes with a host of features, including a protective engine guard, sealed belt cover to keep rock and dirt out of the belt, a convenient oil drain, self-cleaning plate design and four lifting handles for easy elevation from each side. The MVC-88, which is driven by a 5.5-horsepower Honda GX-160 engine, showcases 3,450 pounds (1,565 kg) of compaction force and has a 19.7 x 20.7 inch (50 x 53 cm) plate. Mixers Plaster/Mortar Mixer (EM-120SM-E51) For those who are not big fans of hydraulic drive mixers, Essick’s plaster/mortar mixers are also offered as mechanical drive units. The EM-120SM-E51 mixes 12-cubic feet (340 liters) of material and is powered by a 230/460V single-phase electric motor. This mechanical drive mixer is reliable, easy to maintain and it is fit for practically every application imaginable. The EM-120SM-E51 features a drive gear and multiple disc clutch immersed in oil and fully protected for long, trouble-free life. The mixer is effective with larger, stiffer mixes and the drive system eliminates wear components like V-belts, external gears and pulleys. Contact or visit store to purchase! Picture Unavailable Contact or visit store to purchase! Concrete Mixer (MC-92S-H8 ) Multiquip listened to our customers and constructed a concrete mixer that delivers even more than promised. We’ve combined the most useful ingredients in the productive MC-92S-H8 9-cubic foot (248 liters) mixer. This unit, fueled by an 8-horsepower Honda engine, mixes concrete with the effectiveness that has served the demanding rental industry and contractors for years. The drum has a generous 21-inch (53 cm.) opening for the simple loading and unloading of material in even the most difficult environments. All information found on BillsEquipment.net is © Copyrighted Bill's Equipment and ® All Rights Reserved. No information shall be used wihtout written consent of Bill's Equipment. All trade names and logos referenced on this web site are the service mark, trademark or registered trademarks of their respective manufacturers.","raw/0030-multiquip.html"
"https://billsequipment.mydomain.com/nedcorp.htm","https://billsequipment.mydomain.com/nedcorp.htm","200","text/html","Welcome to Bill's Equipment Online!","","Welcome to Bill's Equipment Online! Ned-Kut Products Drill Rigs Contact or visit store to purchase! MODEL-2001 NED’s Model 2001 Drill Rig is designed and built for years of trouble free service. With the industry’s largest column for its class it provides maximum rigidity for straight, accurate wet drilling of holes up to 10"" in diameter standard. Holes up to 14"" can be drilled using optional motor spacer blocks. MODEL-3001 NED's Model 3001 extra heavy duty drill rig is designed for tough wet drilling jobs where a larger diameter and/or extra height capacity is required. Contact or visit store to purchase! Contact or visit store to purchase! MODEL-4001 The 4001 Hand Held Core Drill is the most powerful hand-held drilling machine. The 3-speed 4001 is fast and efficient in drilling holes in walls, floors, and ceilings. The 4001 Hand Held Core Drill is designed for a variety of materials, including Concrete, Reinforced Concrete, Brick, Stone, Block, Chemical Anchors, and Wedge Anchors. MODEL-5001 The 5001-2 Hand Held Pneumatic Core Drill is powerful and compact. Its 2.1 HP motor is ideal for cutting holes in walls floors or ceilings. It works with a variety of materials including concrete, brick, stone, block, reinforced concrete, chemical anchors and wedge anchors. Contact or visit store to purchase! Core Bits Contact or visit store to purchase! Dry Cutting Core Bits NED-Bit Dry laser welded core bits are designed for drilling in brick and block with electric power tools. Laser welded segments give the NED-Bit Dry line the ability to also be used wet. Diamond Blades G-5 Blades Wet/Dry Standard-Line The G-5 Series of general cutting blades can be used for a variety of construction materials with high speed or skills saws. With lazer-welded segments, the G-5 Blades can all be used either wet or dry. Contact or visit store to purchase! Materials: General Cutting Saws: High Speed Saws Skill Saws Sizes: 14"" x .110 12"" x .100 7"" x .080 x UA 4.5"" x .250 4.5"" x .080 4"" x .250 4"" x .080 All information found on BillsEquipment.net is © Copyrighted Bill's Equipment and ® All Rights Reserved. No information shall be used wihtout written consent of Bill's Equipment. All trade names and logos referenced on this web site are the service mark, trademark or registered trademarks of their respective manufacturers.","raw/0035-nedcorp.html"
"https://billsequipment.mydomain.com/orgill.htm","https://billsequipment.mydomain.com/orgill.htm","200","text/html","Welcome to Bill's Equipment Online!","","Welcome to Bill's Equipment Online! ORGILL PRODUCTS Contact Us for our full line of hardware. All information found on BillsEquipment.net is © Copyrighted Bill's Equipment and ® All Rights Reserved. No information shall be used wihtout written consent of Bill's Equipment. All trade names and logos referenced on this web site are the service mark, trademark or registered trademarks of their respective manufacturers.","raw/0037-orgill.html"
"https://billsequipment.mydomain.com/oztec.htm","https://billsequipment.mydomain.com/oztec.htm","200","text/html","Welcome to Bill's Equipment Online!","","Welcome to Bill's Equipment Online! Oztec Products Electric Motors Oztec Electric motors are manufactured to exacting specifications to withstand the rough day to day abuses associated with construction sites. Lightweight, compact and fitted with our comfortable adjustable shoulder strap, this one man power unit will speed through the stiffest concrete. Using the Vibrator Selection Chart allows you to combine power units with any of Oztec's steel or rubber vibrator heads for maximum productivity. All Oztec Power Units (gas and electric) run vibrator heads 11,000 to 12,000 vpm. They never drop below 10,000vpm even in the lowest slump concrete (near 0) when maximum head size specifications are followed. Oztec power units come standard with the Quick Disconnect ""QD"" system. Changing shafts and heads on the job is a snap. Job Site Proven Tough, Rugged, and Durable! Oztec's design has been extensively tested and used on-the-job for over thirty years. The wrap around protective frame and shock absorbers effectively protect Oztec motors from damage even when dropped or thrown from heights of over six feet. Oztec units meet all United States OSHA and Canadian safety standards. Contact or visit store to purchase! Steel Heads Oztec Vibrator Heads produce the highest amplitude and centrifugal force, generating the largest radius of influence of any heads available. Energy is efficiently transferred from the motor, via the shaft, to the head, which is all eccentric (vibrating the entire head). Whether combined with one of Oztec's electric or gasoline powered motors and choice of flexible shafts…The results are exceptional!…Superior consolidation, increased productivity and a process more forgiving of less than perfect vibrating techniques. The benefits?? Lower cost…Higher earnings…Superior quality concrete!! Steel Heads - Standard of the industry for use in most applications. Special Pencil Head ""For Fill Cell Block"" Mild Vibration Pencil Head - High frequency, low amplitude. (For fill-cell block use; to prevent blowouts). Call 1-800-533-9055 for technical information. ¾"" x 12"" (pencil head-mild vibration) Rubber Tips Available for all Steel Heads. Rubber tips are factory installed on steel heads. To order, add RT to the head part number. Contact or visit store to purchase! Flexible Shafts When transmitting power from the power source to the vibrating head, select one of Oztec's flexible shafts. Oztec Flexible Shaft inner cores are made from extra-high carbon steel wires with casings made from tough abrasion resistant neoprene rubber, reinforced with multiple layers of high tensile wire braiding with a hardened flat steel liner. This construction makes Oztec Flexible Shafts rigid enough for driving into the stiffest concrete without kinking yet limber and non-slip for easy and effective handling. Oztec Flexible Shafts are interchangeable on all Oztec power units, are reversible (doubling their service life), and come supplied with ""quick change"" adapters. Quick Disconnect Feature Oztec's ""Quick Disconnect"" feature, allows shaft removal from the power unit with the twist of a lever. The lightweight and bearing-less coupling allows the job to be done in seconds without any tools. This fitting will not rust or seize. Standard lengths (in feet): 2, 5, 7, 10, 14, 16, 18 and 21. Oztec Flexible Shafts can be coupled to 42 feet using shaft coupling #6725A1. Oztec Shafts have been successfully coupled to 65 feet. Custom lengths are available. Pencil Shafts for Pencil Head vibrators are available in 3, 6, 9, 15 and 20 foot lengths. (Pencil Shafts cannot be coupled together, but can be lengthened, by coupling to a standard shaft with coupling P/N: 6725A1). Flexible Shaft Adapters Taking advantage of Oztec's quality doesn't mean a major reinvestment to replace all your existing equipment. Oztec Supplies motors, shafts and heads (steel only) that are interchangeable with most other makes. Oztec makes various style core and casing adapters which allow other manufacturers flexible shafts and heads to be used with Oztec motors or other motors with Oztec flexible shafts and heads. Flexible shaft adapters for use with other manufacturers' equipment. Flexi-Lube Specially formulated shaft lubricant designed to increase the performance and life of any flexible shaft. Contact or visit store to purchase! All information found on BillsEquipment.net is © Copyrighted Bill's Equipment and ® All Rights Reserved. No information shall be used wihtout written consent of Bill's Equipment. All trade names and logos referenced on this web site are the service mark, trademark or registered trademarks of their respective manufacturers.","raw/0028-oztec.html"
"https://billsequipment.mydomain.com/pressure-pro.htm","https://billsequipment.mydomain.com/pressure-pro.htm","200","text/html","Welcome to Bill's Equipment Online!","","Welcome to Bill's Equipment Online! Pressure-Pro Products SP2700RA Semi-Pro Series The Semi-Pro Series is our lowest cost line and has many of the professional features found in our most popular Eagle Series machines, including our unique aluminum frame that has no welds and a lifetime warranty. The Semi-Pro Series puts a premium on quality performance while keeping an eye on the budget. Contact or visit store to purchase! EAGLE SERIES The Eagle Series is our most popular series, offering superior quality, performance and features at a price that is competitive with discount store machines. It is suitable for most applications, has a lifetime frame warranty and comes complete with all accessories. Contact or visit store to purchase! EB4035G -- Belt Drive EE2015A -- Electric Direct Drive DD4035HG300 -- Direct Drive DVB3540HA302 -- Belt Drive Pro Series The Pro Series is ideal for those who appreciate the quality, extra features, and options that are built-in to this expanded lineup. Designed for the Pro who understands the need for additional reliability to increase productivity. Available as a cart or optional skid mount, it has a lifetime frame warranty and is ready to work with all accessories. Contact or visit store to purchase! PRO MAX SERIES On the Pro Max Series, uncompromising attention to detail and the ultimate in quality and reliability are it's trademarks. This series is designed for the discriminating buyer and utilizes the Gates polychain kevlar impregnated belt drive system. The Pro Max Series offers an unprecedented lifetime warranty on both the belt and the frame. They are available in cart or skid mount. We also offer custom models to your specifications in gas, diesel or electric. Contact or visit store to purchase! B5540HAEA309 - Polychain Belt Drive w/electric start B4040E3G-302 - Electric Belt Drive 6012-10 - Super Skid 12 volt 3525EA-230 - Electric 115-230 volt HBSLP50 - Stationary LP Gas Hot Shot Series Pressure-Pro offers one of the broadest lines of hot water pressure washers available. Standard models include: stationary, trailer mount, tank feed and many other configurations. Our ""Hot Box"" series allows most any cold water washer to be easily converted to hot in minutes. And of course, all models are quality constructed with the same ruggedness and reliability that we build into all our products. Contact or visit store to purchase! All information found on BillsEquipment.net is © Copyrighted Bill's Equipment and ® All Rights Reserved. No information shall be used wihtout written consent of Bill's Equipment. All trade names and logos referenced on this web site are the service mark, trademark or registered trademarks of their respective manufacturers.","raw/0025-pressure-pro.html"
"https://billsequipment.mydomain.com/productslist.htm","https://billsequipment.mydomain.com/productslist.htm","200","text/html","Welcome to Bill's Equipment Online!","","Welcome to Bill's Equipment Online! Products List Concrete Mixers Concrete Mixers Mortar Mixers Scaffolding Shoring/Post Shoring Concrete Pumps Rebar Cutters/Benders Aerial Lifts Air Compressors Safety Equipment Utility Vehicles Concrete Vibrators Electric Hammers Gasoline Hammers Engines Power Trowels Air Saws Gas Saws Diamond Blades Tamping Rammers Floor Saws Generators Blowers Plate Compactors Gas Water Pumps Diesel Water Pumps Trash Water Pumps Diaphragm Pumps Submersibles Vibratory Rollers Walk-Behind Rollers Concrete Grinders Rollers Stone Masonry Blocks Gloves Pneumatic Tools Drilling Tools Air Hoses Water Pump Hoses High Pressure Washers Finishers Concrete Screeds Knives Safety Glasses Products List (Outline View) A1 Allegro Blowers Airman Air Compressors Bil-Jax Boom Lifts Personal Lifts Single Step Scaffolding Open Ended Scaffolding Multi-Purpose Scaffolding Dry Wall Carts Scaffolding Accesories Aluminum Walkboards Bosch Drills Buffalo Tools Air Compressors Delta Scaffolding, Inc. Dynapac Edco Grinders and Accesories Scarifiers Scabblers Big Stick and other Tile Removers Traffic Line Removers ERB Safety Vests & Jackets Safety Hats Safety Glasses Gatorz Glassez Radiator Demora Bilet Bat Ray Stealth Ice Gemtor Inc. Harnesses Energy Absorbers Lanyards Self-Retracting Lifelines Rope Grabs Genie Ind. Material Lifts Personnel Lifts Self Propelled Articulating Booms Self Propelled Telescopic Booms Electric Self Propelled Scissor Lifts Rough Terrain Self Propelled Scissor Lifts Trailer Mounted Z-Boom Honda Engines Water Pumps Portable Generators Economy Generators Line Trimmers Articulated Hedge Trimmers Sprayers Chain Saws Cut Off Saws Yamaha Generators Kubota RTV900 Utility Vehicle Excavators Komatsu Kraft Concrete Finishing Trowels Pools Trowels Magnesium Bull Floats Big D Bull Floats Threaded Extension Handles EZY-TILT® Float Brackets Float and Fresno Brackets All-Angle Steel Fresno Trowels Magnesium Floats Concrete Spreaders Asphalt Rakes/Lutes Screeds Replacement Blades Proform® Power Troweler Blades Float Pans Bronze Grovers Walking Bronze Grovers Construction Boots Concrete Finishing Brooms Hand Edgers A.D.A. Texture Mats Decorative Texture Mats Color Release Agent Rebar Cutter/Benders Brick Trowels Proform® Mortar Boxes Super-Pro® Texture Gun & Hopper Super-Pro® Texture Gun & Hopper w/Compressor Drywall Panellifts Linosella Concrete Mixers Steel Props Lombardini Diesel Engine M-B-W Makita Rotary Hammers Hammer Drills Angle Grinders Power Cutters Contact us for more... Marshalltown Mechanix M-Pact Gloves Miller Scoot-Crete Walk-Behind Power Buggies Scoot-Crete Stand On Power Buggies Scoot-Crete Half-Track Power Buggies Curbilder™ Landscabe Curb Machines Curbilder™ Tack Down Curb Machines Curbilder™ Slipform Curb Machines Milwaukee Grinders Electromagnetic Drill Presses Diamond Coring Rings Sawzall® Reciprocating Saws MMD Equipment Multiquip Concrete Pumps Mayco Plaster/Mortar/Fireproofing Mini Sprayers Rebar Cutters and Benders Walk-Behind Trowels Welders/Generators Reversible Plate Compactors One Way Plate Compactors Mixers NedCorp Drill Rigs Core Bits Diamond Blades Orgill Full Line of Hardware Oztec Electric Motors Steel Heads Rubber Tips Flexible Shafts Powerland Plate Compactors Tamping Rammers Power Trowels Gas Water Pumps Pressure-Pro Semi-Pro Series Eagle Series Pro Series Pro-Max Series Hot Shot Series Robotoolz Rotating Lasers Optics Spray Force Aurora Dual Pumps Hurricane Dual Pumps Twister Super Texan Cyclone Stihl Cutquik® cut-off machines Diamond Wheels Stone Construction Equipment, Inc. Stone Stompers and Plates Walk Behind Rollers Concrete Mixers Professional Finishers Oil and Gas Fired Heaters Stow Sullair Air Compressors Paving Breakers Rock Drills Chipping Hammers Backfill Tampers Various Air Pump Hoses Tsurumi Gasoline Water Pumps Diesel Water Pumps Various Water Pump Hoses US Saws Air Saws Wacker Construction Equipment Rammers Walk-Behind Trowels Vibrators Power Buggies Cut-Off Saws Demolition Hammers Gasoline Breakers/Drivers Water Pumps Portable Generators Mobile Generators Reversible Vibratory Plates Single Direction Vibratory Plates Ride-On Vibratory Rollers Double Drum Walk-Behind Rollers William Henry Knives Black Coated Blades Mother of Pearl Bone AND MUCH MORE!!!! All information found on BillsEquipment.net is © Copyrighted Bill's Equipment and ® All Rights Reserved. No information shall be used wihtout written consent of Bill's Equipment. All trade names and logos referenced on this web site are the service mark, trademark or registered trademarks of their respective manufacturers.","raw/0002-productslist.html"
"https://billsequipment.mydomain.com/quoterequest.htm","https://billsequipment.mydomain.com/quoterequest.htm","200","text/html","Welcome to Bill's Equipment Online!","","Welcome to Bill's Equipment Online! Quote Request Here you can request a price quote on any of our merchandise, etc. You have the option of either contacting us through our online form, contacting us through telephone, or if you would like, by sending a simple e-mail. If you have any questions or comments for Bills Equipment, simply fill out the form below, and we will get someone to assist you as soon as we possibly can. Expect the top notch customer service when dealing with Bills Equipment, where we treat you like family. E-mail : earenas@bellsouth.net Telephone : 305-591-3933 Fax : 305-593-2936 Mailing Address : 3500 NW 115th Ave, Doral, FL 33178 QUOTE REQUEST FORM Online Quote Request Form Item Info Manufacturer (Edco, Genie, etc.): Category (Drills, Air Compressors, etc.): Model Number/Name: Other Comments: Your Info Full Name: Company: Location: Phone: E-mail Address : All information found on BillsEquipment.net is © Copyrighted Bill's Equipment and ® All Rights Reserved. No information shall be used wihtout written consent of Bill's Equipment. All trade names and logos referenced on this web site are the service mark, trademark or registered trademarks of their respective manufacturers.","raw/0006-quoterequest.html"
"https://billsequipment.mydomain.com/rebarcuttersbenders.htm","https://billsequipment.mydomain.com/rebarcuttersbenders.htm","200","text/html","Welcome to Bill's Equipment Online!","","Welcome to Bill's Equipment Online! Rebar Cutters/Benders (Click on each company logo to see other items we may have from each) (Click Me) HBC-series Cutter (HBC-19) Multiquip's rebar cutters let one operator slice rebar more efficiently than manual cutters, torches and saws. The hand-held HBC-19 cuts rebar up to 0.75-inches (2 cm) thick in 3 seconds with a 115V, 60 Hz single-phase motor. This rebar cutter has a built-in hydraulic pump with innovative magnetic particle filtering to ensure maximum performance. Our blades are manufactured from heat-treated, high-strength machine steel that is easily rotated for prolonged use and increased service life. The convenient HBC-19 weighs only 27 pounds (12 kg). Contact or visit store to purchase! Contact or visit store to purchase! Cutter (BC-25 ) Squeeze a trigger and rebar is cut quickly and effectively. It's as simple as that with Multiquip's high performing rebar cutters. Driven by a 115V electric motor, the BC-25 can be bench mounted at the shop or used on site from the back of a pick-up truck. This rebar cutter is designed for the biggest jobs around, slicing rebar up to 1-inch thick (2.5 cm). The units parts are all machined to tight tolerances for optimum effectiveness and Multiquip guarantees its reliability by subjecting each rebar cutter to no-load and actual-load tests prior to delivery. Bender (MB-25HD ) To complement our line of quality rebar cutters, Multiquip brings you the industry's preferred rebar bender. The MB-25HD bends rebar up to 1 inch (2.5 cm) in diameter in mere seconds. This tool is easy to use, practically maintenance-free and comes with a standard foot switch for high-production bending. Driven by a 115V, single-phase electric motor, the MB-25HD is suitable for use in the shop or on the job site and its single knob control lets the operator select the precise bending angle up to 180 degrees. The rebar bender also has four built-in lifting handles and includes a tool kit. Contact or visit store to purchase! Many more to choose from.... Contact Us All information found on BillsEquipment.net is © Copyrighted Bill's Equipment and ® All Rights Reserved. No information shall be used wihtout written consent of Bill's Equipment. All trade names and logos referenced on this web site are the service mark, trademark or registered trademarks of their respective manufacturers.","raw/0046-rebarcuttersbenders.html"
"https://billsequipment.mydomain.com/robotoolz.htm","https://billsequipment.mydomain.com/robotoolz.htm","200","text/html","Welcome to Bill's Equipment Online!","","Welcome to Bill's Equipment Online! Robotoolz Products RT-7690-2XP: The high-power automatic leveling, remote controlled, simultaneous level and plumb rotational laser system for interior and exterior applications. Models: **RT-7690-2XP includes: Laser tool, RF remote control/laser detector, rod bracket, AC/DC adapter, laser target, laser enhancement glasses, hard shell kitbox and user guide. **RT-7690-2XPKT also includes: RT-7690- 2XP, 123 Tripod™ (RT-A1150-123) and Grade Rod (RT-A1450) **Also available: Standard powered models RT-7690-2 and RT-7690-2KT Contact or visit store to purchase! Level, Plumb and Crossliner Beams: Six adjustable line lengths and three variable speed spin modes allow customization of the beam lengths and brightness to meet the specific level, plumb and crossliner applications and lighting conditions. the included laser beam detector/receiver can be used to detect the laser beam in lighting conditions where the beam is not visible, even in bright sunlight. Dual Pendulum Automatic Leveling Technology: Patented dual pendulum automatic leveling system utilizes gravity to consistently automatic level, eliminate set up time guarantee accuracy and transfer reference points to multiple locations with high repeatability. Automatic Out of Level Sensing: The laser tool has both audio (beeper) and visual (blinking laser beam) out lf level indication that signals if the units is out of level after initial set up. This eliminates tool status checks and costly errors, saving time and money. Radio Frequency (RF) Remote Control: The RF remote control allows for non-directional, unobstructed operation of all the laser functions anywhere on a cluttered jobsite. No line of sight required. the remote control allows for one-man operation of the laser system from the point of application, saving time and labor. User Recalibration : Easy user calibration guarantees performance to specification and keeps the tool on the jobsite, saving time and money. RT-5250-2XP: The high powered laser provides the construction professional with all the benefits of a self leveling laser level and the flexibility of 90 degree plumb beam capability. Models: **RT-5250-2XP includes: Laser tool, laser detector, rod bracket, laser target, laser enhancement glasses, hard shell kitbox and user guide. **RT-5250-2XPKT also includes: RT-5250-2XP, 123 Tripod™ (RT-A1150-123) and Grade Rod (RT-A1450) **Also available: Standard powered models RT-5250-1, RT-5250-1K and RT-5250-1-KT Contact or visit store to purchase! Level, Plumb and Squaring Beams: Three spin speeds, two adjustable line lengths and pointing (dot) modes along with a 90 degree plumb beam allows customization of the beam length and brightness to meet specific level, plumb and squaring applications for both in and outdoor work. Electronic Automatic Leveling: The electronic operated automatic leveling mechanism eliminates set up time and guarantees accuracy and the repeatable transfer of points to multiple locations. Automatic Out of Level Sensing (level applications only): Audio (beeper) and visual (blinking laser beam) out of level indication signals if the unit is out of level after initial set up. This eliminates tool status checks and costly errors, saving time and money. User Recalibration: Easy user calibration guarantees performance to specification and keeps the tool on the jobsite, saving time and money. RT-3620-2: This rotational laser with its three precision vials and leveling screws can be manually leveled to an accuracy of +/- 1/4"" @ 100' for both level and plumb applications. The split beam allows for interior and exterior squaring applications. The dot, adjustable line lengths (2 lengths) and three speed spin modes allow you to customize the beam length and visibility to your applications and ambient light conditions. The included Laser Detector (RT-A1655) enables detection of the laser beam up to 600' (diameter) even in bright sunlight. Contact or visit store to purchase! Models: **RT-3620-2K includes: Laser tool, laser detector (RT-A1655), laser target, laser enhancement glasses, hard shell kitbox and user guide. **RT-3620-2KT also includes: RT-3620-2K, Tripod (RT-A1150 and Grade Rod (RT-A1450) Features: Vertical and Horizontal Operations: Interior leveling, layout and drop ceiling applications are a snap with the rugged RT-3620-2 plumb rotating beam. For applications that require better laser beam visibility, the scan/dither mode provides a brighter beam. The included Laser Detector (RT-A1655) allows the RT-3620-2 to be used for exterior applications at ranges up to approximately 600 feet (diameter). The horizontal beam provides the capability for vertical, plumb and 90 degree layouts. Operating Range: The RT-3620-2 horizontal laser beam provides a clearly visible dot and line over distances of 100'. The unit is accurate to 1/4"" at 100'. The detector extends the operating range to distances of 600 feet in bright sunlight. RT-2210-20 and RT-2210-20K Porter Cable RoboToolz Builder's Level is a sturdy and easy to use instrument for outdoor horizontal level and grade applications. Contact or visit store to purchase! Features: Quick and Easy Set-Up: The automatic wire hung compensator, easy to use large control knobs, and focusing eyepiece allow for quick and easy set-up. Angle Reference: Establish and check angles without repositioning the unit with 360 degree graduated horizontal circle with infinite tangent screw. High Quality Optics: Sturdy telescope holds 6 precision lenses resulting in a high quality instrument that will be an important part of your tool set for years to come. Glare Protection: Glare reduced by built in sunshade. RT-2350-20: The Transit Level is a sturdy and easy to use instrument for outdoor horizontal level, plumb and grade applications. Contact or visit store to purchase! Features: Quick and Easy Set-Up: The automatic wire hung compensator, easy to use large control knobs, and focusing eyepiece allow for quick and easy set-up. Angle Reference: Establish and check angles for both level and plumb using the 0-25 degree vertical arc and the 360 degree horizontal circle. Secure Locking Position: Horizontal Lock with 3 point leveling action ensures instrument is locked in level position minimizing incorrect setting and errors. When unlocked, allows for vertical plumb applications. High Quality Optics: Sturdy telescope holds 6 precision lenses resulting in a high quality instrument that will be an important part of your tool set for years to come. Glare Protection: Glare reduced by built in sunshade. RT-2710-22 / 26: The Automatic Level is a sturdy and easy to use instrument for outdoor horizontal level and grade applications. Contact or visit store to purchase! Features: Automatic Compensator: Minimize errors on the jobsite with the automatic wire hung, magnetically damped compensator. The compensator works to keep the line of sight continuously level within +/- 15 minutes (1/4 degree) Quick and Easy Set-Up: The automatic wire hung compensator, easy to use large control knobs, and focusing eyepiece allow for quick and easy set-up. Angle Reference: Establish and check angles without repositioning the unit with 360 degree graduated horizontal circle with infinite tangent screw. High Quality Optics: Sturdy telescope holds 6 precision lenses resulting in a high quality instrument that will be an important part of your tool set for years to come. Customized Eyepiece: Advanced crosshair focusing eyepiece adjusts to user's eyes. All information found on BillsEquipment.net is © Copyrighted Bill's Equipment and ® All Rights Reserved. No information shall be used wihtout written consent of Bill's Equipment. All trade names and logos referenced on this web site are the service mark, trademark or registered trademarks of their respective manufacturers.","raw/0029-robotoolz.html"
"https://billsequipment.mydomain.com/rollers.htm","https://billsequipment.mydomain.com/rollers.htm","200","text/html","Welcome to Bill's Equipment Online!","","Welcome to Bill's Equipment Online! ROLLERS (Click on each company logo to see other items we may have from each) (Click Me) RD 11A Hydrostatic Double Drum Vibratory Roller Versatile rollers provide excellent compaction results WACKER's RD 11 roller series feature dual drum drive and articulated steering for extremely accurate control. The hydrostatic drive with infinitely variable forward and reverse operation and even accelerations and stops guarantees a smooth asphalt finish. Front drum vibration with static rear drum leaves excellent asphalt finish. Contact or visit store to purchase! Contact or visit store to purchase! RD 25 Hydrostatic Vibratory Roller Rollers offer easy maneuverability and high productivity. WACKER's RD 15 and RD 25 rollers feature a dual drum series hydraulic drive system for maximum traction. A twin cylinder diesel engine is fully enclosed for long life and quiet operation. Pressurized water sprinkler system provides positive drum lubrication on asphalt. Articulated steering ensures drums track directly for clean finishes. RD 7H Double Drum Vibratory Roller WACKER's multipurpose roller for excellent productivity This walk-behind, double drum vibratory roller is capable of performing a wide range of soil and asphalt compaction applications. The exclusive compact design allows for tight side clearance on both sides of the roller. Plus the totally hydrostatic drive eliminates mechanical components providing for less maintenance and greater reliability. Contact or visit store to purchase! Many more to choose from.... Contact Us All information found on BillsEquipment.net is © Copyrighted Bill's Equipment and ® All Rights Reserved. No information shall be used wihtout written consent of Bill's Equipment. All trade names and logos referenced on this web site are the service mark, trademark or registered trademarks of their respective manufacturers.","raw/0042-rollers.html"
"https://billsequipment.mydomain.com/safetyequipment.htm","https://billsequipment.mydomain.com/safetyequipment.htm","200","text/html","Welcome to Bill's Equipment Online!","","Welcome to Bill's Equipment Online! Click Logo To Jump To: -Harnesses -Energy Absorbers -Lanyards/Lifelines -Rope Grabs -Safety Vests & Jackets -Safety Hats -Safety Glasses -Fingered Gloves -Fingerless Gloves Gemtor Safety Products Harnesses Model # 900 Lightweight, sub-pelvic, polyester full-body harness. Designed for ease of mobility and all day comfort. Features include quick connect leg straps and chest strap. New York State Approval # 9592 Meets OSHA, ANSI standards Contact or visit store to purchase! Model # 922 Lightweight, sub-pelvic, polyester full-body harness. Ideal when a worker is assigned his own harness. Once adjusted the quick connect buckles on the chest and leg straps make donning and doffing fast and simple with additional adjustment necessary only when compensating for seasonal clothing changes. New York State Approval # 9593 Meets OSHA, ANSI standards Contact or visit store to purchase! Model # 932 Lightweight, sub-pelvic, polyester full-body harness. The Infinitely adjustable friction buckles on the leg straps and quick connect chest strap makes the 932 the perfect solution when a harness must be shared among workers. New York State Approval # 9594 Meets OSHA, ANSI standards Contact or visit store to purchase! Model # 933 Lightweight, sub-pelvic, polyester full-body harness. Features front D-ring for ladder climbing, positioning, suspension, rescue or restraint. Quick connect buckles on leg straps and at hip for easy donning and doffing. (pat. pend.) Meets OSHA, ANSI standards Contact or visit store to purchase! Model # 955 Sub-pelvic, polyester full-body harness with foam back pad, and removable, heavy-duty tongue buckle waist belt. Other features include adjustable shoulder straps and quick connect chest and leg straps. Model # 955H (shown) - Same as #955 except with Positioning D-rings on back pad. Contact or visit store to purchase! Model # 859 Lightweight, sub-pelvic, polyester full-body harness with adjustable shoulder straps, tongue buckles on leg straps and waist belt and quick connect buckle on chest strap. Meets OSHA, ANSI standards Contact or visit store to purchase! Energy Absorbers Model # SP1101EL6 Expanding Soft-Pack energy absorber with 1"" wide x 6' long polyester web lanyard with a locking snaphook at each end. Retracts to 4 ½' when not in use. Contact or visit store to purchase! Model # SP202L Soft-Pack energy absorber with ¼"" diameter vinyl coated galvanized steel cable lanyard with locking snaphooks at each end. Contact or visit store to purchase! Model # SP1101L Soft-Pack energy absorber with 1"" wide polyester web lanyard with a locking snaphook at each end Contact or visit store to purchase! Model # SP2215L Soft-Pack energy absorber with ½"" wide polyester rope lanyard with a locking snaphook at each end. Contact or visit store to purchase! Lifelines/Lanyards Contact or visit store to purchase! 21 Series A locking snaphook spliced to one end only, perfect for use as a lifeline. Model # Description Usage 2122L 5/8"" Nylon rope lifeline 2124L 5/8"" Poly-blend rope lifeline 2125L 5/8"" Polyester rope lifeline 2126L 5/8"" HSP* rope lifeline 2132L 3/4"" Nylon rope lifeline 2134L 3/4"" Poly-blend rope lifeline 2135L 3/4"" Polyester rope lifeline 22 Series A locking snaphook spliced to each end. See below for appropriate uses. Model # Description Usage 2212L 1/2"" Nylon rope lanyard 2215L 1/2"" Polyester rope lanyard 2222L 5/8"" Nylon rope lanyard/lifeline 2224L 5/8"" Poly-blend rope lanyard/lifeline 2225L 5/8"" Polyester rope lanyard/lifeline 2226L 5/8"" HSP* rope lanyard/lifeline 2232L 3/4"" Nylon rope lifeline 2234L 3/4"" Poly-blend rope lifeline 2235L 3/4"" Polyester rope lifeline Contact or visit store to purchase! Self-Retracting Lifelines SWL Series with 1"" wide polyester web lifeline Available Models: SWL-11 - Aluminum housing, 11' long web lifeline, 8.25 lbs. SWL-20 - Steel housing, 20' long web lifeline, 13.5 lbs. SWL-30 - Steel housing, 30' long web lifeline, 14.5 lbs. Contact or visit store to purchase! SL2 Series with cast aluminum housing and cable lifeline (spectra rope available) Available Models: SL2-30 - 30' long galvanized steel lifeline, 20 lbs. SL2-30S - 30' long stainless steel lifeline, 20 lbs. SL2-50 - 50' long galvanized steel lifeline, 29 lbs. SL2-50S - 50' long stainless steel lifeline, 29 lbs. SL2-100 - 100' long galvanized steel lifeline, 45 lbs. SL2-100S - 100' long stainless steel lifeline, 45 lbs. Contact or visit store to purchase! SRL Series with steel housing and cable lifeline (spectra rope available) Available Models: SRL-30 - 30' long galvanized steel lifeline, 20 lbs. SRL-30S - 30' long stainless steel lifeline, 20 lbs. SRL-50 - 50' long galvanized steel lifeline, 27 lbs. SRL-50S - 50' long stainless steel lifeline, 27 lbs. SRL-65 - 65' long galvanized steel lifeline, 30 lbs. SRL-65S - 65' long stainless steel lifeline, 30 lbs. Contact or visit store to purchase! Model # RL-8 Self-Retracting Lanyard 1 3/4"" wide x 8' long, high visibility yellow polyester webbing with a swivel locking snaphook permanently attached. Unit locks within a few inches when a fall is sensed. Housing is made of heavy-duty steel with a chemical, environmental, and impact resistant PVC cover. Contact or visit store to purchase! Rope Grabs Model # VF505 Automatic energy absorbing rope grab follows a worker up and down a 5/8""- 3/4"" diameter vertical synthetic lifeline. The unit's controlled, shock-absorbing action eliminates the need for an energy absorbing lanyard. The patented design allows the rope grab to be attached, detached and positioned at any point on the vertical lifeline. Weighs 1 1/2 lbs. and is made of stainless steel. New York State Approval # 9502 Other Available Models: VF505WL2 - Model # VF505 rope grab with permanently attached 2' long x 1"" wide polyester web lanyard with Model # 3155 locking snaphook. VF505WL3 - Same as above except 3' long. Contact or visit store to purchase! Model # VW655 Replaces Model # VW651 Stainless steel cable grab for use with 5/16"" - 3/8"" diameter stainless steel wire rope (7x19 aircraft cable, non-lubed). Can be attached, detached, and positioned at any point on the vertical lifeline. Weighs 1 1/2 lbs. An energy absorber lanyard shall be used for connection to a full-body harness. Contact or visit store to purchase! Most Popular Mesh - Class 2 (S15) Contact or visit store to purchase! Most Popular Mesh - Class 2 (S15Z) Contact or visit store to purchase! Economy - Class 2 (S362) Contact or visit store to purchase! Economy - Class 2 (S363) Contact or visit store to purchase! Economy - Class 2 (S368) Contact or visit store to purchase! Jackets - Class 3 (S372) Contact or visit store to purchase! Jackets - Class 3 (S374) Contact or visit store to purchase! Hi-Viz Rain Wear - Class 3 (S373) Contact or visit store to purchase! Hi-Viz Rain Wear - Class 3 (S373PT) Contact or visit store to purchase! Hi-Viz Rain Wear - Class 3 (S371) Contact or visit store to purchase! Contact or visit store to purchase! Contact or visit store to purchase! Contact or visit store to purchase! Contact or visit store to purchase! Contact or visit store to purchase! Contact or visit store to purchase! Contact or visit store to purchase! Contact or visit store to purchase! Contact or visit store to purchase! Contact or visit store to purchase! Contact or visit store to purchase! Americana 4-point Suspension Meets ANSI z89.1, Type 1, Class C, E and G Requirements Hi-Viz Yellow and Hi-Viz Lime meet the chromaticity and luminance requirements for background material in ANSI Z107. Contact or visit store to purchase! Omega II 6-point Suspension Meets ANSI z89.1, Type 1, Class C, E and G Requirements Hi-Viz Yellow and Hi-Viz Lime meet the chromaticity and luminance requirements for background material in ANSI Z107. Contact or visit store to purchase! M-Pact Glove (Red) MMP-02 Contact or visit store to purchase! M-Pact Glove (Blue) MMP-03 Contact or visit store to purchase! M-Pact Glove (Black) MMP-05 Contact or visit store to purchase! M-Pact Fingerless Glove (Black) MFL-05 Contact or visit store to purchase! All information found on BillsEquipment.net is © Copyrighted Bill's Equipment and ® All Rights Reserved. No information shall be used wihtout written consent of Bill's Equipment. All trade names and logos referenced on this web site are the service mark, trademark or registered trademarks of their respective manufacturers.","raw/0049-safetyequipment.html"
"https://billsequipment.mydomain.com/scaffolding.htm","https://billsequipment.mydomain.com/scaffolding.htm","200","text/html","Welcome to Bill's Equipment Online!","","Welcome to Bill's Equipment Online! Scaffolding (Click on each company logo to see other items we may have from each) (Click Me) Single Step Frame Scaffolding Step, 1-1/2""OD, 5'W x 5'H, 27-3/4"" Brace Lock Spacing, C-Lock -------------------------------------------------------------------------------- Wt. 33.5 -------------------------------------------------------------------------------- *27-3/4"" lock spacing (bil-jax standard) *C-Lock with Holed Braces Wt. 0 * Frame with 1-1/2"" Leg O.D. Contact or visit store to purchase! Open-Ended Frame Scaffolding Open, 1-11/16""OD, 5'W x 6'4""H, 27-3/4"" Brace Lock Spacing, C-Lock -------------------------------------------------------------------------------- Wt. 54 -------------------------------------------------------------------------------- * 27-3/4"" lock spacing (bil-jax standard) *C-Lock with Holed Braces Wt. 0 *Frame with 1-11/16"" Leg O.D. Contact or visit store to purchase! ProJax Utility Scaffold (0127-006-0) Single Unit, 6'L x 6'H, Includes 2-29""W Frames, 2 Arm Braces, 1 Plywood Deck and 4 Casters -------------------------------------------------------------------------------- Wt. 147 Contact or visit store to purchase! Folding Scaffold (0063-0435-54) Handy Roll, 27""W x 64""L x 51""H, with 2 casters and 2 steel planks -------------------------------------------------------------------------------- Wt. 106 Contact or visit store to purchase! Many more to choose from.... Contact Us All information found on BillsEquipment.net is © Copyrighted Bill's Equipment and ® All Rights Reserved. No information shall be used wihtout written consent of Bill's Equipment. All trade names and logos referenced on this web site are the service mark, trademark or registered trademarks of their respective manufacturers.","raw/0044-scaffolding.html"
"https://billsequipment.mydomain.com/sprayforce.htm","https://billsequipment.mydomain.com/sprayforce.htm","200","text/html","Welcome to Bill's Equipment Online!","","Welcome to Bill's Equipment Online! Spray Force Products Contact or visit store to purchase! Aurora Piston Pump Machines Drywall The Aurora Piston Pump series is available in our standard tank sizes, with your choice of a 2"" or 3"" piston pump, and single or dual tanks. With hydraulic technology at your fingertips, dial in your desired pump and mixer speed. Hurricane 350 XR-1 and XR-2 The Hurricane 350XR1 and Hurricane 350XR2 are medium sized, hydraulically operated, towable drywall-mixer machines. The pump and mixer can be infinitely controlled over its operating range for superior speed control. This machine is ideal for medium to large jobs. Tow vehicle must be at least 3/4 ton. The Hurricane 350XR2 comes with a split 295 Stainless Steel gallon mixing tank, 166 gallons and 129 gallons. It also comes with a second hose, polegun and pump. Contact or visit store to purchase! Contact or visit store to purchase! Hurricane 225 XR-1 and XR-2 The Hurricane 225XR1 and 225XR2 are medium-sized, hydraulically operated, towable drywall-mixer machines. The XR1 machine features a single tank with one 2L4 Rotor-Stator pump. The XR2 has a dual tank, split 129 and 93 gallons and two 2L4 rotor stator pumps. It also comes with an additional polegun and hose. The pump and mixer can be infinitely controlled over its operating range for superior speed control. This machine is ideal for small to medium sized jobs. Hurricane 170 XR-1 and XR-2 The Hurricane 170XR1 is a small, hydraulically operated, towable drywall-mixer machine. This size is one of our most popular. This machine features a single 178 gallon stainless steel mixing tank and a pump. The pump and mixer can be infinitely controlled over their operating range for superior speed control. This machine is ideal for small to medium sized jobs. The Hurricane 170XR2 comes with a split 178 gallon stainless steel mixing tank, 104 gallons and 74 gallons. It also comes with a second hose, polegun and pump. Contact or visit store to purchase! Contact or visit store to purchase! Twister The Twister Plus multi-purpose sprayer is designed for patching, touch-up work and small jobs. It is the perfect second machine. Its portable size and electric motor make it ideal for interior and high rise applications. Plugs into any standard 115 Volt, 20 amp. outlet. The Twister features manually operated variable pump speed adjustment from .33 to 2.5 G.P.M. (based on water). This allows for precise control for various pumping requirements. Twister Grouter has variable pump speed and No air. It is used for grouting tile or log home chinking. It will pump and spray drywall texture, acoustic, EIFS, grout, sand/cement slurries, fireproofing and many other highly viscous and abrasive materials. NOTE: The Twister is limited on air for atomization requirements for some materials. For example, the Twister will only spray a heavy knock-down drywwall texture. For a finer spray, air from another source must be used. The Super Texan The Super Texan is designed for small jobs. It is equipped with a 2L3 Rotor-Stator Pump that can pump 5 Gallons per minute (based on water) The polegun is air controlled and the engine is a rope start. The Super Texan is versatile and can pump drywall texture, sand finish, fireproofing, acoustic, finish coat for traditional plaster and many other highly viscous and abrasive materials. However, the lack of speed control limits its use in many applications. An optional by-pass valve is available for use when pumping drywall texture only. Contact or visit store to purchase! Contact or visit store to purchase! Cyclone 488 XR The Cyclone 488 XR's hydraulic drive allows for infinite speed control for your various pumping requirements. You can dial in any speed that you require. The Cyclone 488 XR is an extremely versatile machine that can pump acoustic, drywall texture, fireproofing, grout, sand/finish color plaster and EIFS materials. All information found on BillsEquipment.net is © Copyrighted Bill's Equipment and ® All Rights Reserved. No information shall be used wihtout written consent of Bill's Equipment. All trade names and logos referenced on this web site are the service mark, trademark or registered trademarks of their respective manufacturers.","raw/0036-sprayforce.html"
"https://billsequipment.mydomain.com/stihl.htm","https://billsequipment.mydomain.com/stihl.htm","200","text/html","Welcome to Bill's Equipment Online!","","Welcome to Bill's Equipment Online! SAWS - Stihl and US Saws Contact or visit store to purchase! TS 420 STIHL Cutquik® Professional Cut-Off Machine The TS 420 STIHL Cutquik® cut-off machine — one of the best we've ever built. Helping you work longer and more comfortably, this cut-off machine comes with a 14"" wheel, delivering a unique blend of performance and efficiency so you get the job done right. With the revolutionary X2 air filtration system , an anti-vibration system and lightweight design, you get low maintenance and more maneuverability. Its advanced engine technology also increases fuel efficiency and reduces emissions. NOTE: Abrasive wheel included. Diamond wheel (shown) sold separately. TS 700 STIHL Cutquik® Professional Cut-Off Machine With a powerful, high-speed engine, it's easy to see why the TS 700 STIHL Cutquik® cut-off machine is one of the most advanced STIHL Cutquik® machines ever produced. Featuring the X2 low maintenance filtration system , you get extended service cutting and airflow with almost 100 percent cleaning efficiency. Not only is this cut-off machine lightweight and well balanced, it also features a five-point dual element vibration control system — the right choice for even the most demanding professionals. Contact or visit store to purchase! Contact or visit store to purchase! TS 400 STIHL Cutquik® cut-off machine The TS 400 is a revolutionary concept from the number one name in cut-off machines worldwide. Features of the TS 400 are extremely long running times, a radical reduction in service intervals plus outstanding cutting performance. Available with either a 12"" or 14"" cutting wheel, the TS 400 offers many features that are exclusive to STIHL, including a semi-automatic belt tensioner and the ElastoStart™ shock-absorbing starter handle. Note: Model shown with optional STIHL diamond cutting wheel. TS 760 STIHL Cutquik® cut-off machine STIHL's most powerful cut-off machine. Designed for cart use and heavy-duty applications which require greater engine power. The EASYSTART® system with decompression valve and 3-stage air filter is standard. Available with either a 14"" or 16"" wheel for deeper cuts. Note: Model shown with optional STIHL diamond cutting wheel. Contact or visit store to purchase! Diamond Wheels Contact or visit store to purchase! Optimum results from your STIHL Cutquik® cutoff machine can only be achieved with a cutting wheel that has been designed to match the machine's engine power. STIHL offers two types of abrasive cutting wheels: composite synthetic resin and abrasive diamond wheels. STIHL offers laser-welded abrasive diamond wheels for high speed cutting of stone and asphalt. When handled correctly, their service life can be between 200 to 400 times longer than that of a composite wheel, depending on the material to be cut and the techniques employed. Selecting the correct diamond wheel Several classes of STIHL diamond wheels are available for cutting various materials. The table shows which wheel is appropriate for specific applications. Characteristics of each are as follows: Performance Class 10 & 20 Our most economical diamond wheels, offering high-quality cutting properties. Performance Classes 40 & 60 For more demanding tasks, Classes 40 & 60 wheels offer excellent cutting capacity and extended service life. Performance Class 80 The top-of-the-line wheels offer a higher concentration and/or quality of diamonds, providing superior cutting characteristics and extremely long life. Contact or visit store to purchase! All information found on BillsEquipment.net is © Copyrighted Bill's Equipment and ® All Rights Reserved. No information shall be used wihtout written consent of Bill's Equipment. All trade names and logos referenced on this web site are the service mark, trademark or registered trademarks of their respective manufacturers.","raw/0022-stihl.html"
"https://billsequipment.mydomain.com/stone.htm","https://billsequipment.mydomain.com/stone.htm","200","text/html","Welcome to Bill's Equipment Online!","","Welcome to Bill's Equipment Online! Stone Products Mixers Contact or visit store to purchase! Concrete Mixer - 125cm Diesel Largest Heavy Duty Side Dump For those jobs that require maximum mixing capacity and high performance. Built to handle heavy loads with an unheard of 1/2 yard capacity. Complete with B78 x 13 (25"" dia.) high speed tires, tapered roller bearings, 56"" wide axle with cantilever springs, 2-3/8"" O.D., 7/32"" thick towpole with safety chain, pintle style hitch, 24"" dia. handwheel, oversized paddles, chain drive and dump lock, spacious cowl for maximum ventilation. Big 40"" diameter thick steel drum Concrete Mixer - 95cm Diesel Large Heavy Duty Side Dump A generous 9 cu. ft. capacity for large batches. Complete with B78 x 13 (25"" dia.) high speed tires, tapered roller bearings, 56"" wide axle with cantilever springs, 2-3/8"" O.D., 7/32"" thick towpole with safety chain, pintile style hitch, 24"" dia. handwheel, chain drive and dump lock, spacious cowl for maximum ventilation. Big 36"" diameter thick steel drum Contact or visit store to purchase! Contact or visit store to purchase! Mortar Mixer - 855pm Gas Deluxe Mid Range 8 cu. ft., 2-1/2 to 3 bag capacity - HIGH DUMP MIXER Front post hand clutch. Extendible axle (34"" to 46""). High speed B78 x 13 (25"" dia.) turnpike tires. Rubber blades and safety chain standard. Mortar Mixer - 1285pm Gas Reliable Totally Enclosed Drive 12 cu. ft., 3 to 4 bag capacity 56"" axle/cantilever springs/safety chain. High speed B78 x 13 (25"" dia.) turnpike tires. Patented ""Power Blend"" mixing action. Optional curved steel blades for plaster and fireproofing. Lift away safety guard. Exclusive full year warranty (limited) on totally enclosed gear drive. Contact or visit store to purchase! Concrete Work Contact or visit store to purchase! The Saw Devil - CS1 The Saw Devil CS1 is a lightweight push saw ideal for small flat cutting jobs such as floors and pavement patching and repair, expansion joint cutting, conduit channel cutting and a variety of other flat work. It accommodates 12"" and 14"" blades for a maximum depth cut of up to 4 5/8"". The Saw Devil - CS2 The Saw Devil CS2 is a heavy-duty push saw ideal for jobs requiring precision cutting including floors, pavements, walkways, ramps or any flat sawing application. It accommodates 12"", 14"", 16"", or 18"" blades for a maximum depth cut of up to 6 5/8"". Contact or visit store to purchase! Stone Masonry Blocks (Click for larger) Contact or visit store to purchase! MS1 Block Saw The ""Handy Li'l Devil"" - MS1. Tough, Fast, Portable. The MS1 is lightweight and easily transportable. Use it on a table, truck bed, or anywhere on the job with its optional leg kit. Cuts block to 5"" depth (14"" blade guard). Easily portable, lightweight, compact design. Head, bed and optional stand easily separate into sections. Electric water pump standard on electric MS1 models. Belt driven water pump on gas MS1 models. OSHA compliant electric motors and pumps match voltage. Blade wrench to change blades or remove cutting head standard MS2 Block Saw The ""Smart Li'l Devil"" - MS2 is the Professional Choice. The MS2 is extra rugged and heavy-duty, ideal for stationary production work of virtually all masonry materials. Cuts blocks to an 8"" depth (up to 20"" blade capacity). Three-way blade positioning system -- foot pedal, heavy-duty hand crank, or blade lever -- meets any operator need. Convenient hands-free operation for raising and lowering blade with spring-loaded foot pedal. Reinforced tri-leg base with bi-directional, heavy-duty forklift brackets. Stationary gas engine mounting does not tilt with blade. Electric water pump standard on electric MS2 models. Belt-driven water pump standard on gas MS2 models. Blade wrench to change blades or remove cutting head standard. (Click for larger) Contact or visit store to purchase! All information found on BillsEquipment.net is © Copyrighted Bill's Equipment and ® All Rights Reserved. No information shall be used wihtout written consent of Bill's Equipment. All trade names and logos referenced on this web site are the service mark, trademark or registered trademarks of their respective manufacturers.","raw/0007-stone.html"
"https://billsequipment.mydomain.com/sullair.htm","https://billsequipment.mydomain.com/sullair.htm","200","text/html","Welcome to Bill's Equipment Online!","","Welcome to Bill's Equipment Online! Sullair Products Air Compressors 125 Portable Air Compressor The Sullair 125 Portable Air Compressor, 125 CFM at 100 PSIG, 59 L/S at 7 BAR. Contact or visit store to purchase! 130 Portable Air Compressor The Sullair 130 Portable Air Compressor, 130 CFM at 100 PSIG, 61 L/S at 7 BAR. Contact or visit store to purchase! 185 Portable Air Compressor The Sullair 185 Portable Air Compressor, 185 CM at 100 PSIG, 87 L/S at 7 BAR. Contact or visit store to purchase! 375 Portable Air Compressor The Sullair 375 Portable Air Compressor, 375 CFM at 100 PSIG, 177 L/S at 7 BAR. Contact or visit store to purchase! 750 Portable Air Compressor The Sullair 750 Portable Air Compressor, 750 CFM at 125 PSIG, 354 L/S at 8.5 BAR. Contact or visit store to purchase! 900 Portable Air Compressor The Sullair 900 Portable Air Compressor, 900 CFM at 100 PSIG, 425 L/S at 7 BAR. Contact or visit store to purchase! 1050 Portable Air Compressor The Sullair 1050 Portable Air Compressor, 1050 CFM at 100 PSIG, 496 L/S at 7 BAR. Contact or visit store to purchase! 1600 Portable Air Compressor The Sullair 1600 Portable Air Compressor, 1600 CFM at 100 PSIG, 755 L/S at 7 BAR. Contact or visit store to purchase! 1900 Portable Air Compressor The Sullair 1900 Portable Air Compressor, 1900 CFM at 100 PSIG, 897 L/S at 7 BAR. Contact or visit store to purchase! Paving Breakers The Sullair breakers have eliminated most high-wear parts. Fewer parts mean less wear, less maintenance, and less downtime. A leak-proof air cushion forms at the end of the piston stroke and stops the piston from direct impact when the tool is not breaking. The elimination of side rods, nuts and springs makes Sullair breakers sleeker and more comfortable to operate. Standardization of design permits a high degree of interchangeability of parts between Sullair models. The direct impact piston design, non-corrosive automatic valve and one-piece housing dramatically reduce air consumption. You can operate more tools from a single compressor. For example, a 125 cfm compressor will operate two MPB 90 breakers from one compressor. Contact or visit store to purchase! MPB 90A MPB 60A MPB 35C Rock Drills The Sullair drills are designed so that the tool automatically stops operating when the operator releases the throttle lever. The single throttle lever controls all tool functions from off, to blowing only, to progressive drilling speeds. The unique design of the Sullair drills eliminates many high wear parts. This means less loss of power due to wear, less downtime to replace worn parts and lower overall maintenance costs. With only two parts moving during operation, a non-corrosive automatic valve, less radial piston movement and high tech alloys, the Sullair drills do not require special rock drill oil. Normal oil carry-over from the compressor, combined with moisture in the air, will usually provide sufficient lubrication under normal operating conditions. Contact or visit store to purchase! MRD-55 MRD-50 MRD-40 Chipping Hammers The unique four bolt backhead design reduces handle breakage. The common problem of a threaded handle-to-barrel connection coming loose and damaging the handle and internal parts has been eliminated. The strong “D” configuration is large enough to provide a comfortable, sure grip, even for a gloved hand. The Sullair chipping hammer is available in 2"", 3"" and 4"" strokes with either .680 round or .580 hex bushings. Oval collar retainers are included as standard. Optional retainers available are universal ball type, round collar, or quick change segment retainers. Two air inlet bushings are furnished: 3/8"" NPT and 7/8-24, internal thread. The bushings provide for versatile hose connections while protecting the handle inlet threads. Contact or visit store to purchase! MCH 2 MCH 3 MCH 4 Backfill Tamper MBT-6 Backfill Tamper The Sullair tampers are the ideal tools for compacting backfill around utility poles, foundations and other structures. It quickly and efficiently compacts backfill soil excavated to perform service line repair before patching the pavement. With design features and premium materials, normal oil carry-over from the compressor, combined with the moisture in the air, will supply sufficient under normal operating conditions. Contact or visit store to purchase! Air Pump Hoses 250# Pneumatic Tool Air Hose Assembly Contact or visit store to purchase! 300# Pneumatic Tool Air Hose Assembly Contact or visit store to purchase! Wire-Braid Pneumatic Tool Air Hose Assembly Contact or visit store to purchase! All information found on BillsEquipment.net is © Copyrighted Bill's Equipment and ® All Rights Reserved. No information shall be used wihtout written consent of Bill's Equipment. All trade names and logos referenced on this web site are the service mark, trademark or registered trademarks of their respective manufacturers.","raw/0027-sullair.html"
"https://billsequipment.mydomain.com/tsurumi.htm","https://billsequipment.mydomain.com/tsurumi.htm","200","text/html","Welcome to Bill's Equipment Online!","","Welcome to Bill's Equipment Online! Tsurumi Products Pumps LB2-400, 400A Top discharge provides maximum motor cooling efficiency allowing continuous duty operation at low water levels and extended dry-run capability. LB3-750 Features: *Up to 60' shut off head. *Lightweight, compact design. *Available in 220V/ single-phase for lower amperage draw and longer cable extensions. HS2.4S-61 Features: *Semi-vortex design decreases wear by minimizing contact with abrasives. *Urethane rubber impeller for maximum durability. *Built-in shaft mounted agitator suspends solids. *Easy pump end disassembly by removing only 3 nuts. TE2 Series Gas Powered Heavy-duty Honda gas engine with oil sensor and Silicon Carbide mechanical seal provides the longest life in this class. Cast Iron impeller and volute casing last long and guarantee low maintenance. Both 2""and 3"" models are light enough for UPS shipment to reduce shipping cost. Durable Rolled-Steel frame provides pump/engine with maximum protection, perfect ease of handling or transport, and safe operation. EPT2-50HA, 80HA, 100HA Heavy-duty Honda gas engine with oil sensor deliver high power from a compact, reliable design. Silicon Carbide mechanical seal provides the longest life in this class. High Chrome impeller, Cast Iron volute casing plus Stainless Steel wear plate promise increased durability and decreased maintenance. Pump/engine set mounted to cage frame on Rubber Vibration Cushions to buffer stress and wear. Durable Rolled-Steel frame provides pump/engine with maximum protection, perfect ease of handling or transport, and safe operation. Galvanized Steel hose couplings promise longer thread life. Carrying Handle/Wheel Kit and Lifting Bail for easy transportation available for all trash pumps as optional accessory. TD3-200, 300 Heavy-duty Honda gasoline engine with oil sensor delivers high power from a compact, reliable design. Two-ply neoprene diaphragm and check valves with centered nylon reinforcement prevents weak spots, extends wear life and shelf life. Durable frame and balanced wheel assembly provides easy handling. Long handle allows operator to walk upright to reduce back strain when moving pump. EPT2-100DD, 150DD Heavy-duty Deutz diesel engine with electric start and 40 U.S. gallon fuel tank provides minimum 24 hours run time per tank. Pass 3"" solids (EPT2-150DD) or 2"" solids (EPT2-100DD) with non-clog, wear resistant ductile iron impeller on 304 stainless steel shaft sleeve. Oil and abrasion resistant, rubber-lined front and rear wear plates. Long-life grease lubricated tungsten carbide mechanical seals (optional oil lubricated seals available). Heavy-duty DOT road trailer with 15"" 6-ply tires and 2"" ball hitch (optional pintle hitch available). TPG-2700H-DX, 3800H-DX, 5500H-DX, 6500H-DX Tsurumi TPG-series generators are designed to withstand the severe conditions of construction jobsites or industrial applications, especially where extra durability and dependable, stable power are required. Ideal to supply the power to Tsurumi’s single-phase submersible pumps and all your electrical power tools such as drills, saws, lighting and heaters. Water Pump Hoses All Weather Water Suction Hose Contractors PVC Water Discharge Hose Crushproof Water Suction Hose Double Jacket Mill Discharge Hose Extra Heavy Duty PVC Water Discharge Hose Heavy Duty PVC Water Discharge Hose Mill Discharge Hose PVC Water Discharge Hose PVC Water Suction Hose Contact Us for more info... All information found on BillsEquipment.net is © Copyrighted Bill's Equipment and ® All Rights Reserved. No information shall be used wihtout written consent of Bill's Equipment. All trade names and logos referenced on this web site are the service mark, trademark or registered trademarks of their respective manufacturers.","raw/0033-tsurumi.html"
"https://billsequipment.mydomain.com/wacker.htm","https://billsequipment.mydomain.com/wacker.htm","200","text/html","Welcome to Bill's Equipment Online!","","Welcome to Bill's Equipment Online! WACKER PRODUCTS Rammers Contact or visit store to purchase! BS 52Y Vibratory Rammer with 254mm/10in Shoe WACKER's WM 80, 2-stroke engine, built for tough rammer applications WACKER rammers have set the standard in the construction industry. These rammers are powered by the exclusive WM 80, the only 2-stroke engine specifically designed and built for vibratory rammers and meets EPA and European air emission standards. WACKER's rugged rammers are designed for maximum production, performance and durability. BS 50-2i 280mm/11in Shoe, Oil-injected Vibratory Rammer WACKER's exclusive WM 80 engine features a unique patented oil-injection system A unique patented oil-injection system provides reliable performance by eliminating spark plug fouling and carbon buildup. The no-mix system is an added convenience for operators. Plus an amazing fuel to oil ratio of 120:1 allows for longer and cleaner running times...up to 65 hours on a single tank of oil. A low oil shutdown switch prevents running the rammer without oil for trouble-free operation. Contact or visit store to purchase! Contact or visit store to purchase! BS 60-2i 280mm/11in Shoe, Oil-injected Vibratory Rammer WACKER's exclusive WM 80 engine features a unique patented oil-injection system A unique patented oil-injection system provides reliable performance by eliminating spark plug fouling and carbon buildup. The no-mix system is an added convenience for operators. Plus an amazing fuel to oil ratio of 120:1 allows for longer and cleaner running times...up to 65 hours on a single tank of oil. A low oil shutdown switch prevents running the rammer without oil for trouble-free operation. BS 70-2i 330mm/13in Shoe, Oil-injected Vibratory Rammer WACKER's exclusive WM 80 engine features a unique patented oil-injection system A unique patented oil-injection system provides reliable performance by eliminating spark plug fouling and carbon buildup. The no-mix system is an added convenience for operators. Plus an amazing fuel to oil ratio of 120:1 allows for longer and cleaner running times...up to 65 hours on a single tank of oil. A low oil shutdown switch prevents running the rammer without oil for trouble-free operation. Contact or visit store to purchase! Walk-Behind Trowels Contact or visit store to purchase! CT 36ADP – Features and Benefits Unique handle gives operator full control with limited vibration. Height-adjustable control handle and posi-lock throttle improve operator comfort and reduce fatigue. Centrifugal clutch ensures no-load starting for easy operation and is self-adjusting for reduced maintenance. Large pitch-control range gives complete control over finishing and floating for application versatility during operation. Low center of gravity and completely enclosed belt offers clean and stable operation. Stabilizer ring on larger machines adds to smooth operation and reduces operator fatigue. Heat treated, ductile cast iron blade pitch control and spider are rust resistant for long life. Choice of handle style, WACKER-type or bicycle grip, for user preference. Mechanical shut off quickly stops handle rotation when released for operator safety. CT 48ADP – Features and Benefits Unique handle gives operator full control with limited vibration. Height-adjustable control handle and posi-lock throttle improve operator comfort and reduce fatigue. Centrifugal clutch ensures no-load starting for easy operation and is self-adjusting for reduced maintenance. Large pitch-control range gives complete control over finishing and floating for application versatility during operation. Low center of gravity and completely enclosed belt offers clean and stable operation. Stabilizer ring on larger machines adds to smooth operation and reduces operator fatigue. Heat treated, ductile cast iron blade pitch control and spider are rust resistant for long life. Choice of handle style, WACKER-type or bicycle grip, for user preference. Mechanical shut off quickly stops handle rotation when released for operator safety. Pro-Shift® blade pitch control system allows the operator to easily and instantly change the pitch of the blades to suit temporary concrete conditions. Contact or visit store to purchase! Vibrators Contact or visit store to purchase! M1000 – Features and Benefits Lightweight, but rugged unit preferred by operators. Double insulated and grounded motor improves safety. Dual air filters extend motor life and allow for easier maintenance. High frequency and amplitude of the vibrator head on the Head, Motor, Shaft (HMS) System ensures more complete consolidation of concrete. Motor airflow from rear to front prevents dust buildup that would otherwise cause motor damage. Standard quick disconnect coupling on motor facilitates shaft exchange. No troublesome threading or stripping. Quick release brush covers simplifies brush replacements. Dust and waterproof on-off switch eliminates burnout and damage. Strain relieved electrical cord inhibits cord pull out, reducing downtime. Integrated quick disconnect couplings on shafts easily connect to all WACKER motors, offering 62 combinations. Circuit breaking carbon brushes stop motor when replacement is required. Standard 60 Hz electrical power. M2000 – Features and Benefits Lightweight, but rugged unit preferred by operators. Double insulated and grounded motor improves safety. Dual air filters extend motor life and allow for easier maintenance. High frequency and amplitude of the vibrator head on the Head, Motor, Shaft (HMS) System ensures more complete consolidation of concrete. Motor airflow from rear to front prevents dust buildup that would otherwise cause motor damage. Standard quick disconnect coupling on motor facilitates shaft exchange. No troublesome threading or stripping. Quick release brush covers simplifies brush replacements. Dust and waterproof on-off switch eliminates burnout and damage. Strain relieved electrical cord inhibits cord pull out, reducing downtime. Integrated quick disconnect couplings on shafts easily connect to all WACKER motors, offering 62 combinations. Circuit breaking carbon brushes stop motor when replacement is required. Standard 60 Hz electrical power. Contact or visit store to purchase! Contact or visit store to purchase! M3000 – Features and Benefits Lightweight, but rugged unit preferred by operators. Double insulated and grounded motor improves safety. Dual air filters extend motor life and allow for easier maintenance. High frequency and amplitude of the vibrator head on the Head, Motor, Shaft (HMS) System ensures more complete consolidation of concrete. Motor airflow from rear to front prevents dust buildup that would otherwise cause motor damage. Standard quick disconnect coupling on motor facilitates shaft exchange. No troublesome threading or stripping. Quick release brush covers simplifies brush replacements. Dust and waterproof on-off switch eliminates burnout and damage. Strain relieved electrical cord inhibits cord pull out, reducing downtime. Integrated quick disconnect couplings on shafts easily connect to all WACKER motors, offering 62 combinations. Circuit breaking carbon brushes stop motor when replacement is required. Standard 60 Hz electrical power. A3000 – Features and Benefits High frequency and amplitude of the vibrator head on the Head, Motor, Shaft (HMS) System ensures more complete consolidation of concrete. Standard quick disconnect coupling on motor facilitates shaft exchange. No troublesome threading or stripping. Integrated quick disconnect couplings on shafts easily connect to all WACKER motors, offering 62 combinations Contact or visit store to purchase! Power Buggies Contact or visit store to purchase! WB-16a – Features and Benefits Variable speed hydrostatic drive system with squeeze grip control lever and thumb operated forward and reverse control. Thumb operated dump control allows for easy dumping and spreading of materials, while keeping both hands on handlebars. Large capacity polyethylene bucket with high adjustable tip angle for easy unloading of materials. Large capacity fuel tank provides long uninterrupted operation. High splash guard reduces splattering of concrete outside bucket. Removable outer tires for easy access into narrow areas. Locking pin on operator platform provides greater stability for operator. Foot-operated scrub brake with lock for parking machine. Power buggy meets or exceeds ASME B56.8-1993 Safety Standard for stability and braking. Cut-Off Saws BTS 930 – Features and Benefits The units are driven by fully encapsulated, air-cooled two-stroke petrol engines with electronically controlled ignition systems. Designed for excellent combustion performance, low fuel consumption and lower emission values. A three-stage foam pre-filter, a paper lamellar filter and a nylon filter protect the machines from dust. A special decompression valve in connection with an ""Off-On-Choke"" switch makes starting the engine easy. The handle position and the vibration damping - separation of oscillating and static mass - were developed in close cooperation with the Fraunhofer-Gesellschaft institute. The aluminum protective hood, the high capacity plastic tank with its twin-skinned bottom, the new belt tensioning system with correct tension display and which can be adjusted without tools plus the easy remounting of the disc from a central to an outer position. Contact or visit store to purchase! Contact or visit store to purchase! BTS 1030 – Features and Benefits The units are driven by fully encapsulated, air-cooled two-stroke petrol engines with electronically controlled ignition systems. Designed for excellent combustion performance, low fuel consumption and lower emission values. A three-stage foam pre-filter, a paper lamellar filter and a nylon filter protect the machines from dust. A special decompression valve in connection with an ""Off-On-Choke"" switch makes starting the engine easy. The handle position and the vibration damping - separation of oscillating and static mass - were developed in close cooperation with the Fraunhofer-Gesellschaft institute. The aluminum protective hood, the high capacity plastic tank with its twin-skinned bottom, the new belt tensioning system with correct tension display and which can be adjusted without tools plus the easy remounting of the disc from a central to an outer position. Demolition Hammers EHB 7S – Features and Benefits Driven by a time-tested, high performance universal motor with protective insulation. Power transmission to tool via air-cushioned percussion system without output loss. Electronic rpm and percussion rate adjustment for drilling and chiselling applications. Service/diagnostic display reports carbon brush wear level and fault-free mains electricity supply. Sturdy, double-walled housing with vibration-damped handles. Optimum cooling of motor and gears. Turning stop and eightfold toolholder lock always place the tool in the right working position. Additional and adjustable handle swivels 360°. Adjustable depth gauge for drilling applications Contact or visit store to purchase! Gasoline Breakers/Drivers Contact or visit store to purchase! BH 23 – Features and Benefits Driven by a powerful tried and tested electric universal motor with protective insulation for connecting directly to the mains. A specially designed protective hood, which is made of shock-resistant plastics, ensures excellent cooling of the motor as well as ensuring good noise suppression. The vibration-damped handles and, in particular, the almost recoilless air-cushioned percussion system, ensure a practically vibration-free operation. Thanks to the optimum spring mounting of the three operating handles and the complete engine protective hood this machine is suitable for long periods of operation. EH 27 – Features and Benefits Driven by the powerful, reliable and tested, low emission WACKER 2-stroke petrol engine WM 80. A distinguishing feature is the low","raw/0019-wacker.html"
"https://billsequipment.mydomain.com/wacker_multiquip.html","https://billsequipment.mydomain.com/wacker_multiquip.html","200","text/html","Welcome to Bill's Equipment Online!","Generators","Welcome to Bill's Equipment Online! Generators View Wacker Products View Multiquip Products All information found on BillsEquipment.net is © Copyrighted Bill's Equipment and ® All Rights Reserved. No information shall be used wihtout written consent of Bill's Equipment. All trade names and logos referenced on this web site are the service mark, trademark or registered trademarks of their respective manufacturers.","raw/0052-wacker_multiquip.html"
"https://billsequipment.mydomain.com/williamhenry.htm","https://billsequipment.mydomain.com/williamhenry.htm","200","text/html","Welcome to Bill's Equipment Online!","","Welcome to Bill's Equipment Online! William Henry Knives Black Coated Blades Contact or visit store to purchase! T12-BT Style: Spearpoint T12-BT (locking liner) Blade length: 3.25"" Overall length: 7.125"" Weight: 1.6 oz. Blade: ATS 34 w/Tungsten DLC coating Handle: Carbon fiber Thumbstud: 24K coated stainless Fittings: 24K coated stainless Lanyard: Lined lanyard sleeve Carrying system: Removable titanium clip T10-BT Style: Lancet T10-BT (locking liner) Blade length: 2.625"" Overall length: 6.125"" Weight: 1.0 oz. Blade: ATS 34 w/Tungsten DLC coating Handle: Carbon fiber Thumbstud: 24K coated stainless Fittings: 24K coated stainless Lanyard: Lined lanyard sleeve Carrying system: Removable titanium clip Contact or visit store to purchase! Contact or visit store to purchase! T09-BT Style: Kestrel T09-BT (locking liner) Blade length: 2.125"" Overall length: 5.0"" Weight: 0.8 oz. Blade: ATS 34 w/Tungsten DLC coating Handle: Carbon fiber Thumbstud: 24K coated stainless Fittings: Stainless Lanyard: Lined lanyard sleeve Carry system: Removable titanium clip Mother of Pearl T12-P Style: Spearpoint T12-P (locking liner) Blade length: 3.25"" Overall length: 7.125"" Weight: 2.4 oz. Blade: ATS 34 Handle: Mother of Pearl Thumbstud: Stainless Fittings: Stainless Lanyard: Hidden lanyard pin Carrying system: ClipCase Contact or visit store to purchase! Contact or visit store to purchase! T10P Style: Lancet T10-P (locking liner) Blade length: 2.625"" Overall length: 6.0"" Weight: 1.5 oz. Blade: ATS 34 Handle: Mother of Pearl Thumbstud: Stainless Fittings: Stainless Lanyard: Hidden lanyard pin Carrying system: ClipCase T09-P Style: Kestrel T09-P (locking liner) Blade length: 2.125"" Overall length: 5.0"" Weight: 1.4 oz. Blade: ATS 34 Handle: Mother of Pearl Thumbstud: Stainless Fittings: Stainless Lanyard: Hidden lanyard pin Carrying system: ClipCase Contact or visit store to purchase! Bone Contact or visit store to purchase! T12-A Style: Spearpoint T12-A (locking liner) Blade length: 3.25"" Overall length: 7.125"" Weight: 2.0 oz. Blade: ATS 34 Handle: Titanum / Amber Jigged Bone Thumbstud: Stainless Fittings: Stainless Lanyard: Hidden lanyard pin Carrying system: ClipCase T10-A Style: Lancet T10-A (locking liner) Blade length: 2.625"" Overall length: 6.125"" Weight: 1.3 oz. Blade: ATS 34 Handle: Titanum / Amber Jigged Bone Thumbstud: Stainless Fittings: Stainless Lanyard: Hidden lanyard pin Carrying system: ClipCase Contact or visit store to purchase! Contact or visit store to purchase! T09-A Style: Kestrel T09-A (locking liner) Blade length: 2.125"" Overall length: 5.0"" Weight: 1.2 oz. Blade: ATS 34 Handle: Titanum / Amber Jigged Bone Thumbstud: Stainless Fittings: Stainless Lanyard: Hidden lanyard pin Carrying system: ClipCase All information found on BillsEquipment.com is © Copyrighted Bill's Equipment and ® All Rights Reserved. No information shall be used wihtout written consent of Bill's Equipment and King Cobra Web Design. All trade names and logos referenced on this web site are the service mark, trademark or registered trademarks of their respective manufacturers.","raw/0034-williamhenry.html"
